# https://github.com/mikedh/trimesh

o geometry_0
v -0.05869982 0.04546562 0.49809659 0.54509804 0.71372549 0.60000000
v -0.05298907 0.04546562 0.49775714 0.54509804 0.71372549 0.60000000
v -0.05869982 0.05117547 0.49766018 0.54509804 0.71372549 0.60000000
v -0.11589210 0.02259224 0.49775714 0.54509804 0.71372549 0.60000000
v -0.11016440 0.02259224 0.49785413 0.54509804 0.71372549 0.60000000
v -0.11589210 0.01684840 0.49785413 0.54509804 0.71372549 0.60000000
v -0.05869982 -0.20046574 0.49809659 0.54509804 0.71372549 0.60000000
v -0.04726137 0.04546562 0.49676309 0.54509804 0.71372549 0.60000000
v -0.04726137 0.05117547 0.49637516 0.54509804 0.71372549 0.60000000
v -0.05298907 0.05117547 0.49732073 0.54509804 0.71372549 0.60000000
v -0.05298907 -0.20046574 0.49775714 0.54509804 0.71372549 0.60000000
v -0.06442752 0.05117547 0.49739348 0.54509804 0.71372549 0.60000000
v -0.05298907 0.07734560 0.48965918 0.54509804 0.71372549 0.60000000
v -0.05869982 0.07761750 0.48987739 0.54509804 0.71372549 0.60000000
v -0.06442752 0.07741358 0.48970768 0.54509804 0.71372549 0.60000000
v -0.12160286 0.02259224 0.49719950 0.54509804 0.71372549 0.60000000
v -0.12733056 0.01684840 0.49756319 0.54509804 0.71372549 0.60000000
v -0.12160286 0.01684840 0.49778141 0.54509804 0.71372549 0.60000000
v -0.11589210 -0.19472190 0.49785413 0.54509804 0.71372549 0.60000000
v -0.05869982 -0.20617559 0.49766018 0.54509804 0.71372549 0.60000000
v -0.04290628 0.04546562 0.49559930 0.54509804 0.71372549 0.60000000
v -0.04343160 0.05117547 0.49540536 0.54509804 0.71372549 0.60000000
v -0.04726137 -0.20046574 0.49676309 0.54509804 0.71372549 0.60000000
v -0.04410944 0.05413236 0.49516290 0.54509804 0.71372549 0.60000000
v -0.04726137 0.05454021 0.49552659 0.54509804 0.71372549 0.60000000
v -0.04983714 0.07703973 0.48941674 0.54509804 0.71372549 0.60000000
v -0.05298907 -0.20617559 0.49732073 0.54509804 0.71372549 0.60000000
v -0.04726137 -0.20617559 0.49637516 0.54509804 0.71372549 0.60000000
v -0.07352745 0.05423432 0.49523565 0.54509804 0.71372549 0.60000000
v -0.06778281 0.07710769 0.48948946 0.54509804 0.71372549 0.60000000
v -0.05298907 0.09121239 0.48153697 0.54509804 0.71372549 0.60000000
v -0.05869982 0.09121239 0.48204611 0.54509804 0.71372549 0.60000000
v -0.06442752 0.09121239 0.48165820 0.54509804 0.71372549 0.60000000
v -0.13304131 0.02092687 0.49596300 0.54509804 0.71372549 0.60000000
v -0.13304131 0.01684840 0.49693280 0.54509804 0.71372549 0.60000000
v -0.13304131 0.01113855 0.49702979 0.54509804 0.71372549 0.60000000
v -0.13304131 -0.17759235 0.49702979 0.54509804 0.71372549 0.60000000
v -0.12733056 -0.17759235 0.49753895 0.54509804 0.71372549 0.60000000
v -0.12160286 -0.17759235 0.49778141 0.54509804 0.71372549 0.60000000
v -0.12160286 -0.19472190 0.49773290 0.54509804 0.71372549 0.60000000
v -0.12733056 -0.19472190 0.49749047 0.54509804 0.71372549 0.60000000
v -0.12733056 -0.19927618 0.49630245 0.54509804 0.71372549 0.60000000
v -0.06442752 -0.20617559 0.49739348 0.54509804 0.71372549 0.60000000
v -0.06442752 -0.23241370 0.48970768 0.54509804 0.71372549 0.60000000
v -0.05869982 -0.23261762 0.48985315 0.54509804 0.71372549 0.60000000
v -0.05298907 -0.23234572 0.48965918 0.54509804 0.71372549 0.60000000
v -0.04004243 0.04546562 0.49455675 0.54509804 0.71372549 0.60000000
v -0.04290628 -0.20046574 0.49559930 0.54509804 0.71372549 0.60000000
v -0.04056776 0.05117547 0.49429005 0.54509804 0.71372549 0.60000000
v -0.04343160 -0.20617559 0.49540536 0.54509804 0.71372549 0.60000000
v -0.03582291 0.05117547 0.49218071 0.54509804 0.71372549 0.60000000
v -0.03239985 0.05437027 0.48970768 0.54509804 0.71372549 0.60000000
v -0.03756834 0.07761750 0.48427670 0.54509804 0.71372549 0.60000000
v -0.04358412 0.09433922 0.47826384 0.54509804 0.71372549 0.60000000
v -0.04726137 -0.20954032 0.49552659 0.54509804 0.71372549 0.60000000
v -0.04412639 -0.20913247 0.49516290 0.54509804 0.71372549 0.60000000
v -0.04983714 -0.23203985 0.48941674 0.54509804 0.71372549 0.60000000
v -0.07405277 0.09437320 0.47833657 0.54509804 0.71372549 0.60000000
v -0.13673551 0.02017915 0.49547807 0.54509804 0.71372549 0.60000000
v -0.04726137 0.09454313 0.47867601 0.54509804 0.71372549 0.60000000
v -0.05298907 0.09457712 0.47911242 0.54509804 0.71372549 0.60000000
v -0.05869982 0.09457712 0.47930640 0.54509804 0.71372549 0.60000000
v -0.06442752 0.09457712 0.47916093 0.54509804 0.71372549 0.60000000
v -0.07013828 0.09457712 0.47874874 0.54509804 0.71372549 0.60000000
v -0.13870123 0.01657651 0.49574477 0.54509804 0.71372549 0.60000000
v -0.14209040 0.01446930 0.49523565 0.54509804 0.71372549 0.60000000
v -0.13876902 0.01113855 0.49613270 0.54509804 0.71372549 0.60000000
v -0.13876902 -0.17759235 0.49613270 0.54509804 0.71372549 0.60000000
v -0.13304131 -0.19472190 0.49700555 0.54509804 0.71372549 0.60000000
v -0.13304131 -0.19907226 0.49605999 0.54509804 0.71372549 0.60000000
v -0.06778281 -0.23210781 0.48946522 0.54509804 0.71372549 0.60000000
v -0.06442752 -0.24621251 0.48168244 0.54509804 0.71372549 0.60000000
v -0.05869982 -0.24621251 0.48204611 0.54509804 0.71372549 0.60000000
v -0.05298907 -0.24621251 0.48153697 0.54509804 0.71372549 0.60000000
v -0.03582291 0.04546562 0.49264137 0.54509804 0.71372549 0.60000000
v -0.04004243 -0.20046574 0.49455675 0.54509804 0.71372549 0.60000000
v -0.04056776 -0.20617559 0.49429005 0.54509804 0.71372549 0.60000000
v -0.03178980 0.05117547 0.49009561 0.54509804 0.71372549 0.60000000
v -0.02892595 0.05117547 0.48815596 0.54509804 0.71372549 0.60000000
v -0.02528259 0.05117547 0.48529502 0.54509804 0.71372549 0.60000000
v -0.02614683 0.05477811 0.48454340 0.54509804 0.71372549 0.60000000
v -0.03129837 0.07795738 0.47928214 0.54509804 0.71372549 0.60000000
v -0.03339966 0.09352352 0.47176606 0.54509804 0.71372549 0.60000000
v -0.03721247 0.09440718 0.47312380 0.54509804 0.71372549 0.60000000
v -0.04163534 0.09467908 0.47503921 0.54509804 0.71372549 0.60000000
v -0.04726137 0.09532484 0.47506344 0.54509804 0.71372549 0.60000000
v -0.03241680 -0.20937038 0.48968344 0.54509804 0.71372549 0.60000000
v -0.03582291 -0.20617559 0.49218071 0.54509804 0.71372549 0.60000000
v -0.03756834 -0.23261762 0.48427670 0.54509804 0.71372549 0.60000000
v -0.04360106 -0.24933933 0.47826384 0.54509804 0.71372549 0.60000000
v -0.07013828 0.09542679 0.47506344 0.54509804 0.71372549 0.60000000
v -0.07591682 0.09474705 0.47513618 0.54509804 0.71372549 0.60000000
v -0.08157674 0.09437320 0.47305108 0.54509804 0.71372549 0.60000000
v -0.08450837 0.09410131 0.47225098 0.54509804 0.71372549 0.60000000
v -0.14812313 0.01450329 0.49026532 0.54509804 0.71372549 0.60000000
v -0.05298907 0.09559674 0.47506344 0.54509804 0.71372549 0.60000000
v -0.06442752 0.09559674 0.47506344 0.54509804 0.71372549 0.60000000
v -0.14236153 0.01113855 0.49530837 0.54509804 0.71372549 0.60000000
v -0.15352886 0.00892939 0.48973192 0.54509804 0.71372549 0.60000000
v -0.15020747 0.00542870 0.49208373 0.54509804 0.71372549 0.60000000
v -0.14524234 0.00542870 0.49436280 0.54509804 0.71372549 0.60000000
v -0.14237848 0.00542870 0.49530837 0.54509804 0.71372549 0.60000000
v -0.14239542 -0.00031514 0.49530837 0.54509804 0.71372549 0.60000000
v -0.14239542 -0.15468498 0.49533261 0.54509804 0.71372549 0.60000000
v -0.14239542 -0.19472190 0.49530837 0.54509804 0.71372549 0.60000000
v -0.13876902 -0.19472190 0.49610846 0.54509804 0.71372549 0.60000000
v -0.14214123 -0.19791670 0.49523565 0.54509804 0.71372549 0.60000000
v -0.13876902 -0.19849448 0.49559930 0.54509804 0.71372549 0.60000000
v -0.07405277 -0.24937332 0.47833657 0.54509804 0.71372549 0.60000000
v -0.07013828 -0.24957724 0.47874874 0.54509804 0.71372549 0.60000000
v -0.06442752 -0.24957724 0.47916093 0.54509804 0.71372549 0.60000000
v -0.05869982 -0.24957724 0.47930640 0.54509804 0.71372549 0.60000000
v -0.05298907 -0.24957724 0.47911242 0.54509804 0.71372549 0.60000000
v -0.04726137 -0.24954325 0.47867601 0.54509804 0.71372549 0.60000000
v -0.03145088 0.04546562 0.49031381 0.54509804 0.71372549 0.60000000
v -0.03582291 -0.20046574 0.49264137 0.54509804 0.71372549 0.60000000
v -0.02858703 0.04546562 0.48839842 0.54509804 0.71372549 0.60000000
v -0.02499451 0.04546562 0.48553746 0.54509804 0.71372549 0.60000000
v -0.02213066 0.04546562 0.48304019 0.54509804 0.71372549 0.60000000
v -0.02243569 0.05117547 0.48274923 0.54509804 0.71372549 0.60000000
v -0.02757028 0.07404885 0.47760921 0.54509804 0.71372549 0.60000000
v -0.02582486 0.07799137 0.47387542 0.54509804 0.71372549 0.60000000
v -0.02680772 0.09437320 0.46170421 0.54509804 0.71372549 0.60000000
v -0.03197620 0.09440718 0.46795953 0.54509804 0.71372549 0.60000000
v -0.02077499 0.07768548 0.46771709 0.54509804 0.71372549 0.60000000
v -0.03551789 0.09481503 0.46965670 0.54509804 0.71372549 0.60000000
v -0.04155062 0.09556275 0.46934153 0.54509804 0.71372549 0.60000000
v -0.04726137 0.09586864 0.46934153 0.54509804 0.71372549 0.60000000
v -0.02614683 -0.20977823 0.48454340 0.54509804 0.71372549 0.60000000
v -0.02528259 -0.20617559 0.48529502 0.54509804 0.71372549 0.60000000
v -0.02892595 -0.20617559 0.48813172 0.54509804 0.71372549 0.60000000
v -0.03178980 -0.20617559 0.49009561 0.54509804 0.71372549 0.60000000
v -0.03129837 -0.23295749 0.47928214 0.54509804 0.71372549 0.60000000
v -0.03339966 -0.24852364 0.47176606 0.54509804 0.71372549 0.60000000
v -0.04726137 -0.25035895 0.47506344 0.54509804 0.71372549 0.60000000
v -0.04163534 -0.24971318 0.47503921 0.54509804 0.71372549 0.60000000
v -0.03721247 -0.24940729 0.47312380 0.54509804 0.71372549 0.60000000
v -0.08157674 0.09508693 0.46934153 0.54509804 0.71372549 0.60000000
v -0.07013828 0.09593660 0.46934153 0.54509804 0.71372549 0.60000000
v -0.07586598 0.09563073 0.46934153 0.54509804 0.71372549 0.60000000
v -0.08552512 0.09437320 0.46934153 0.54509804 0.71372549 0.60000000
v -0.09072750 0.09440718 0.46214064 0.54509804 0.71372549 0.60000000
v -0.08964296 0.09331960 0.46594715 0.54509804 0.71372549 0.60000000
v -0.05298907 0.09607256 0.46934153 0.54509804 0.71372549 0.60000000
v -0.05869982 0.09610655 0.46934153 0.54509804 0.71372549 0.60000000
v -0.06442752 0.09607256 0.46934153 0.54509804 0.71372549 0.60000000
v -0.15456255 0.00964311 0.48648304 0.54509804 0.71372549 0.60000000
v -0.15993439 0.00451105 0.48078536 0.54509804 0.71372549 0.60000000
v -0.15905320 0.00352542 0.48401000 0.54509804 0.71372549 0.60000000
v -0.15376610 0.00542870 0.48992588 0.54509804 0.71372549 0.60000000
v -0.15378304 -0.00031514 0.48992588 0.54509804 0.71372549 0.60000000
v -0.15020747 -0.00031514 0.49208373 0.54509804 0.71372549 0.60000000
v -0.14525928 -0.00031514 0.49436280 0.54509804 0.71372549 0.60000000
v -0.14525928 -0.18330220 0.49436280 0.54509804 0.71372549 0.60000000
v -0.14524234 -0.19472190 0.49436280 0.54509804 0.71372549 0.60000000
v -0.15020747 -0.19472190 0.49205948 0.54509804 0.71372549 0.60000000
v -0.15352886 -0.19818859 0.48973192 0.54509804 0.71372549 0.60000000
v -0.15020747 -0.19903828 0.49072598 0.54509804 0.71372549 0.60000000
v -0.08450837 -0.24910142 0.47225098 0.54509804 0.71372549 0.60000000
v -0.08157674 -0.24937332 0.47305108 0.54509804 0.71372549 0.60000000
v -0.08157674 -0.25008705 0.46934153 0.54509804 0.71372549 0.60000000
v -0.07013828 -0.25035895 0.47506344 0.54509804 0.71372549 0.60000000
v -0.06442752 -0.25059686 0.47506344 0.54509804 0.71372549 0.60000000
v -0.05298907 -0.25059686 0.47506344 0.54509804 0.71372549 0.60000000
v -0.03145088 -0.20046574 0.49031381 0.54509804 0.71372549 0.60000000
v -0.02858703 -0.20046574 0.48839842 0.54509804 0.71372549 0.60000000
v -0.02499451 -0.20046574 0.48553746 0.54509804 0.71372549 0.60000000
v -0.01952100 0.04546562 0.48017921 0.54509804 0.71372549 0.60000000
v -0.01979213 0.05117547 0.47988827 0.54509804 0.71372549 0.60000000
v -0.02213066 -0.20046574 0.48301593 0.54509804 0.71372549 0.60000000
v -0.01538621 0.05443824 0.47285710 0.54509804 0.71372549 0.60000000
v -0.02284239 0.09107643 0.45198180 0.54509804 0.71372549 0.60000000
v -0.02257125 0.09250390 0.44645385 0.54509804 0.71372549 0.60000000
v -0.02633323 0.09457712 0.45789769 0.54509804 0.71372549 0.60000000
v -0.03011216 0.09539282 0.45789769 0.54509804 0.71372549 0.60000000
v -0.03007827 0.09471306 0.46361961 0.54509804 0.71372549 0.60000000
v -0.01555566 0.07727764 0.45593380 0.54509804 0.71372549 0.60000000
v -0.00984491 0.05430229 0.46146177 0.54509804 0.71372549 0.60000000
v -0.03582291 0.09556275 0.46361961 0.54509804 0.71372549 0.60000000
v -0.04155062 0.09600458 0.46361961 0.54509804 0.71372549 0.60000000
v -0.02243569 -0.20617559 0.48272499 0.54509804 0.71372549 0.60000000
v -0.02582486 -0.23299148 0.47387542 0.54509804 0.71372549 0.60000000
v -0.02758722 -0.22904896 0.47758497 0.54509804 0.71372549 0.60000000
v -0.03197620 -0.24940729 0.46795953 0.54509804 0.71372549 0.60000000
v -0.02680772 -0.24937332 0.46170421 0.54509804 0.71372549 0.60000000
v -0.02077499 -0.23268560 0.46771709 0.54509804 0.71372549 0.60000000
v -0.04726137 -0.25090274 0.46934153 0.54509804 0.71372549 0.60000000
v -0.04155062 -0.25056287 0.46934153 0.54509804 0.71372549 0.60000000
v -0.03551789 -0.24981515 0.46965670 0.54509804 0.71372549 0.60000000
v -0.08157674 0.09569869 0.46361961 0.54509804 0.71372549 0.60000000
v -0.08730444 0.09546078 0.45789769 0.54509804 0.71372549 0.60000000
v -0.08755863 0.09478104 0.46388631 0.54509804 0.71372549 0.60000000
v -0.07586598 0.09603857 0.46361961 0.54509804 0.71372549 0.60000000
v -0.09138839 0.09457712 0.45789769 0.54509804 0.71372549 0.60000000
v -0.09587904 0.09410131 0.44938754 0.54509804 0.71372549 0.60000000
v -0.04726137 0.09610655 0.46361961 0.54509804 0.71372549 0.60000000
v -0.07013828 0.09610655 0.46361961 0.54509804 0.71372549 0.60000000
v -0.15825675 0.00736597 0.48078536 0.54509804 0.71372549 0.60000000
v -0.16103587 0.00502086 0.47506344 0.54509804 0.71372549 0.60000000
v -0.16450977 0.00257378 0.46660178 0.54509804 0.71372549 0.60000000
v -0.16337441 -0.00031514 0.47506344 0.54509804 0.71372549 0.60000000
v -0.16105281 -0.00031514 0.48078536 0.54509804 0.71372549 0.60000000
v -0.15917183 -0.00031514 0.48417971 0.54509804 0.71372549 0.60000000
v -0.15662995 -0.00031514 0.48704068 0.54509804 0.71372549 0.60000000
v -0.15661300 -0.16042882 0.48704068 0.54509804 0.71372549 0.60000000
v -0.15374916 -0.19472190 0.48990162 0.54509804 0.71372549 0.60000000
v -0.15661300 -0.19472190 0.48701644 0.54509804 0.71372549 0.60000000
v -0.15905320 -0.19805264 0.48401000 0.54509804 0.71372549 0.60000000
v -0.15563014 -0.19903828 0.48614359 0.54509804 0.71372549 0.60000000
v -0.09072750 -0.24940729 0.46214064 0.54509804 0.71372549 0.60000000
v -0.08554207 -0.24937332 0.46934153 0.54509804 0.71372549 0.60000000
v -0.15993439 -0.19890233 0.48078536 0.54509804 0.71372549 0.60000000
v -0.08757557 -0.24978116 0.46388631 0.54509804 0.71372549 0.60000000
v -0.08157674 -0.25069881 0.46361961 0.54509804 0.71372549 0.60000000
v -0.07586598 -0.25059686 0.46934153 0.54509804 0.71372549 0.60000000
v -0.07013828 -0.25086875 0.46934153 0.54509804 0.71372549 0.60000000
v -0.06442752 -0.25107267 0.46934153 0.54509804 0.71372549 0.60000000
v -0.05869982 -0.25110666 0.46934153 0.54509804 0.71372549 0.60000000
v -0.05298907 -0.25107267 0.46934153 0.54509804 0.71372549 0.60000000
v -0.01667409 0.04546562 0.47673638 0.54509804 0.71372549 0.60000000
v -0.01957184 -0.20046574 0.48015497 0.54509804 0.71372549 0.60000000
v -0.01670799 -0.20046574 0.47673638 0.54509804 0.71372549 0.60000000
v -0.01694522 0.05117547 0.47639694 0.54509804 0.71372549 0.60000000
v -0.01982602 -0.20617559 0.47986404 0.54509804 0.71372549 0.60000000
v -0.01494562 0.05117547 0.47353598 0.54509804 0.71372549 0.60000000
v -0.01265793 0.05117547 0.46934153 0.54509804 0.71372549 0.60000000
v -0.02250347 0.09124638 0.44046523 0.54509804 0.71372549 0.60000000
v -0.02667215 0.09440718 0.43030639 0.54509804 0.71372549 0.60000000
v -0.02609599 0.09457712 0.43501001 0.54509804 0.71372549 0.60000000
v -0.02553678 0.09457712 0.44073193 0.54509804 0.71372549 0.60000000
v -0.02543510 0.09450915 0.44645385 0.54509804 0.71372549 0.60000000
v -0.02582486 0.09450915 0.45217577 0.54509804 0.71372549 0.60000000
v -0.01521675 0.07768548 0.45217577 0.54509804 0.71372549 0.60000000
v -0.01496256 0.07795738 0.44645385 0.54509804 0.71372549 0.60000000
v -0.01508118 0.07782144 0.44073193 0.54509804 0.71372549 0.60000000
v -0.03011216 0.09552876 0.45217577 0.54509804 0.71372549 0.60000000
v -0.03582291 0.09610655 0.45217577 0.54509804 0.71372549 0.60000000
v -0.03582291 0.09590263 0.45789769 0.54509804 0.71372549 0.60000000
v -0.00728609 0.05117547 0.45217577 0.54509804 0.71372549 0.60000000
v -0.01067525 0.05117547 0.46517131 0.54509804 0.71372549 0.60000000
v -0.00952294 0.05117547 0.46233459 0.54509804 0.71372549 0.60000000
v -0.00830284 0.05117547 0.45789769 0.54509804 0.71372549 0.60000000
v -0.02057164 -0.20977823 0.47901544 0.54509804 0.71372549 0.60000000
v -0.01538621 -0.20943835 0.47285710 0.54509804 0.71372549 0.60000000
v -0.03007827 -0.24974717 0.46361961 0.54509804 0.71372549 0.60000000
v -0.03011216 -0.25039294 0.45789769 0.54509804 0.71372549 0.60000000
v -0.02633323 -0.24957724 0.45789769 0.54509804 0.71372549 0.60000000
v -0.02246958 -0.24753801 0.44645385 0.54509804 0.71372549 0.60000000
v -0.02275766 -0.24607655 0.45198180 0.54509804 0.71372549 0.60000000
v -0.01555566 -0.23227776 0.45569134 0.54509804 0.71372549 0.60000000
v -0.00984491 -0.20930240 0.46146177 0.54509804 0.71372549 0.60000000
v -0.04155062 -0.25100469 0.46361961 0.54509804 0.71372549 0.60000000
v -0.03582291 -0.25059686 0.46361961 0.54509804 0.71372549 0.60000000
v -0.08157674 0.09597059 0.45789769 0.54509804 0.71372549 0.60000000
v -0.08730444 0.09563073 0.45217577 0.54509804 0.71372549 0.60000000
v -0.07586598 0.09610655 0.45789769 0.54509804 0.71372549 0.60000000
v -0.08157674 0.09610655 0.45217577 0.54509804 0.71372549 0.60000000
v -0.09299824 0.09467908 0.44645385 0.54509804 0.71372549 0.60000000
v -0.09591293 0.09413528 0.44645385 0.54509804 0.71372549 0.60000000
v -0.16450977 0.00257378 0.45493975 0.54509804 0.71372549 0.60000000
v -0.16667884 -0.00055305 0.41786849 0.54509804 0.71372549 0.60000000
v -0.17047471 -0.00843808 0.40533361 0.54509804 0.71372549 0.60000000
v -0.16523845 -0.00031514 0.46361961 0.54509804 0.71372549 0.60000000
v -0.16478090 -0.00031514 0.46788680 0.54509804 0.71372549 0.60000000
v -0.16435726 -0.00031514 0.47074776 0.54509804 0.71372549 0.60000000
v -0.16442505 -0.15468498 0.47191153 0.54509804 0.71372549 0.60000000
v -0.16344218 -0.15468498 0.47506344 0.54509804 0.71372549 0.60000000
v -0.16106976 -0.16042882 0.48078536 0.54509804 0.71372549 0.60000000
v -0.15918878 -0.16042882 0.48420396 0.54509804 0.71372549 0.60000000
v -0.15917183 -0.19472190 0.48415547 0.54509804 0.71372549 0.60000000
v -0.16486564 -0.19822258 0.46822623 0.54509804 0.71372549 0.60000000
v -0.16101892 -0.19472190 0.48078536 0.54509804 0.71372549 0.60000000
v -0.16342524 -0.19472190 0.47506344 0.54509804 0.71372549 0.60000000
v -0.09587904 -0.24910142 0.44941178 0.54509804 0.71372549 0.60000000
v -0.09135450 -0.24957724 0.45789769 0.54509804 0.71372549 0.60000000
v -0.08730444 -0.25046090 0.45789769 0.54509804 0.71372549 0.60000000
v -0.16112060 -0.19958207 0.47506344 0.54509804 0.71372549 0.60000000
v -0.08157674 -0.25097070 0.45789769 0.54509804 0.71372549 0.60000000
v -0.07586598 -0.25103868 0.46361961 0.54509804 0.71372549 0.60000000
v -0.07013828 -0.25110666 0.46361961 0.54509804 0.71372549 0.60000000
v -0.04726137 -0.25110666 0.46361961 0.54509804 0.71372549 0.60000000
v -0.01472532 0.04546562 0.47387542 0.54509804 0.71372549 0.60000000
v -0.01470837 -0.20046574 0.47387542 0.54509804 0.71372549 0.60000000
v -0.01697912 -0.20617559 0.47639694 0.54509804 0.71372549 0.60000000
v -0.01492866 -0.20617559 0.47353598 0.54509804 0.71372549 0.60000000
v -0.01216649 0.04546562 0.46934153 0.54509804 0.71372549 0.60000000
v -0.01040412 0.04546562 0.46568045 0.54509804 0.71372549 0.60000000
v -0.02729915 0.09403333 0.42647563 0.54509804 0.71372549 0.60000000
v -0.01542010 0.07741358 0.43622228 0.54509804 0.71372549 0.60000000
v -0.02956989 0.09481503 0.42875469 0.54509804 0.71372549 0.60000000
v -0.03011216 0.09552876 0.43501001 0.54509804 0.71372549 0.60000000
v -0.03011216 0.09559674 0.44073193 0.54509804 0.71372549 0.60000000
v -0.00689633 0.05117547 0.44645385 0.54509804 0.71372549 0.60000000
v -0.00721830 0.05117547 0.44073193 0.54509804 0.71372549 0.60000000
v -0.03582291 0.09610655 0.44073193 0.54509804 0.71372549 0.60000000
v -0.00682855 0.04546562 0.45217577 0.54509804 0.71372549 0.60000000
v -0.00640490 0.04546562 0.44645385 0.54509804 0.71372549 0.60000000
v -0.00933653 0.04546562 0.46281951 0.54509804 0.71372549 0.60000000
v -0.00789614 0.04546562 0.45789769 0.54509804 0.71372549 0.60000000
v -0.01264097 -0.20617559 0.46934153 0.54509804 0.71372549 0.60000000
v -0.03582291 -0.25093672 0.45789769 0.54509804 0.71372549 0.60000000
v -0.03011216 -0.25059686 0.45217577 0.54509804 0.71372549 0.60000000
v -0.02572318 -0.24957724 0.45217577 0.54509804 0.71372549 0.60000000
v -0.02533343 -0.24957724 0.44645385 0.54509804 0.71372549 0.60000000
v -0.02553678 -0.24957724 0.44073193 0.54509804 0.71372549 0.60000000
v -0.02609599 -0.24957724 0.43501001 0.54509804 0.71372549 0.60000000
v -0.02667215 -0.24940729 0.43030639 0.54509804 0.71372549 0.60000000
v -0.02250347 -0.24624650 0.44048947 0.54509804 0.71372549 0.60000000
v -0.01508118 -0.23282155 0.44073193 0.54509804 0.71372549 0.60000000
v -0.01496256 -0.23295749 0.44645385 0.54509804 0.71372549 0.60000000
v -0.01521675 -0.23268560 0.45217577 0.54509804 0.71372549 0.60000000
v -0.00728609 -0.20617559 0.45217577 0.54509804 0.71372549 0.60000000
v -0.00830284 -0.20617559 0.45789769 0.54509804 0.71372549 0.60000000
v -0.00952294 -0.20617559 0.46233459 0.54509804 0.71372549 0.60000000
v -0.01065831 -0.20617559 0.46519556 0.54509804 0.71372549 0.60000000
v -0.03582291 -0.25110666 0.45217577 0.54509804 0.71372549 0.60000000
v -0.08730444 0.09563073 0.44073193 0.54509804 0.71372549 0.60000000
v -0.08157674 0.09610655 0.44073193 0.54509804 0.71372549 0.60000000
v -0.09591293 0.09413528 0.44308373 0.54509804 0.71372549 0.60000000
v -0.16445893 0.00250580 0.42928809 0.54509804 0.71372549 0.60000000
v -0.16656023 -0.00106285 0.41214657 0.54509804 0.71372549 0.60000000
v -0.17047471 -0.00843808 0.40215746 0.54509804 0.71372549 0.60000000
v -0.17633799 -0.03640954 0.37660279 0.54509804 0.71372549 0.60000000
v -0.16561126 -0.00602498 0.46361961 0.54509804 0.71372549 0.60000000
v -0.17755809 -0.04606190 0.37211739 0.54509804 0.71372549 0.60000000
v -0.17798173 -0.05177175 0.37211739 0.54509804 0.71372549 0.60000000
v -0.16488258 -0.00602498 0.46842020 0.54509804 0.71372549 0.60000000
v -0.16501815 -0.15468498 0.46905059 0.54509804 0.71372549 0.60000000
v -0.16503509 -0.16042882 0.46900207 0.54509804 0.71372549 0.60000000
v -0.16503509 -0.19472190 0.46902633 0.54509804 0.71372549 0.60000000
v -0.16440810 -0.19472190 0.47188729 0.54509804 0.71372549 0.60000000
v -0.16522150 -0.19876638 0.46361961 0.54509804 0.71372549 0.60000000
v -0.16593323 -0.19472190 0.46361961 0.54509804 0.71372549 0.60000000
v -0.09591293 -0.24913539 0.44645385 0.54509804 0.71372549 0.60000000
v -0.09299824 -0.24967919 0.44645385 0.54509804 0.71372549 0.60000000
v -0.08730444 -0.25059686 0.45217577 0.54509804 0.71372549 0.60000000
v -0.16544180 -0.19903828 0.45789769 0.54509804 0.71372549 0.60000000
v -0.08157674 -0.25110666 0.45217577 0.54509804 0.71372549 0.60000000
v -0.07586598 -0.25110666 0.45789769 0.54509804 0.71372549 0.60000000
v -0.01216649 -0.20046574 0.46934153 0.54509804 0.71372549 0.60000000
v -0.01040412 -0.20046574 0.46568045 0.54509804 0.71372549 0.60000000
v -0.03258625 0.09430523 0.42031728 0.54509804 0.71372549 0.60000000
v -0.03129837 0.09447516 0.42356617 0.54509804 0.71372549 0.60000000
v -0.00947210 -0.02529572 0.25045386 0.54509804 0.71372549 0.60000000
v -0.01196314 -0.02322251 0.25045386 0.54509804 0.71372549 0.60000000
v -0.01308157 -0.02233884 0.25045386 0.54509804 0.71372549 0.60000000
v -0.01577596 -0.02029961 0.25045386 0.54509804 0.71372549 0.60000000
v -0.00770973 -0.02889837 0.25045386 0.54509804 0.71372549 0.60000000
v -0.03582291 0.09525686 0.42356617 0.54509804 0.71372549 0.60000000
v -0.03582291 0.09573268 0.42928809 0.54509804 0.71372549 0.60000000
v -0.03582291 0.09600458 0.43501001 0.54509804 0.71372549 0.60000000
v -0.00654047 -0.03460821 0.25045386 0.54509804 0.71372549 0.60000000
v -0.04155062 0.09610655 0.42928809 0.54509804 0.71372549 0.60000000
v -0.00682855 -0.20046574 0.45217577 0.54509804 0.71372549 0.60000000
v -0.00650658 -0.03875465 0.25045386 0.54509804 0.71372549 0.60000000
v -0.00652352 -0.20046574 0.44645385 0.54509804 0.71372549 0.60000000
v -0.00650658 -0.16613867 0.44073193 0.54509804 0.71372549 0.60000000
v -0.00650658 -0.11464807 0.25045386 0.54509804 0.71372549 0.60000000
v -0.00933653 -0.20046574 0.46281951 0.54509804 0.71372549 0.60000000
v -0.00789614 -0.20046574 0.45789769 0.54509804 0.71372549 0.60000000
v -0.03011216 -0.25059686 0.44073193 0.54509804 0.71372549 0.60000000
v -0.03011216 -0.25052888 0.43501001 0.54509804 0.71372549 0.60000000
v -0.03129837 -0.24950926 0.42356617 0.54509804 0.71372549 0.60000000
v -0.02729915 -0.24903344 0.42647563 0.54509804 0.71372549 0.60000000
v -0.02956989 -0.24981515 0.42875469 0.54509804 0.71372549 0.60000000
v -0.01542010 -0.23241370 0.43622228 0.54509804 0.71372549 0.60000000
v -0.00720136 -0.20617559 0.44073193 0.54509804 0.71372549 0.60000000
v -0.00699800 -0.20617559 0.44645385 0.54509804 0.71372549 0.60000000
v -0.03582291 -0.25110666 0.44073193 0.54509804 0.71372549 0.60000000
v -0.08730444 0.09556275 0.43501001 0.54509804 0.71372549 0.60000000
v -0.08157674 0.09607256 0.43501001 0.54509804 0.71372549 0.60000000
v -0.07586598 0.09610655 0.42928809 0.54509804 0.71372549 0.60000000
v -0.09082918 0.09444117 0.42928809 0.54509804 0.71372549 0.60000000
v -0.09035469 0.09423725 0.42613617 0.54509804 0.71372549 0.60000000
v -0.17008496 -0.00915181 0.39835093 0.54509804 0.71372549 0.60000000
v -0.17110171 -0.01278843 0.39498081 0.54509804 0.71372549 0.60000000
v -0.17633799 -0.03640954 0.37412976 0.54509804 0.71372549 0.60000000
v -0.17937130 -0.06893528 0.36639547 0.54509804 0.71372549 0.60000000
v -0.17952381 -0.07464513 0.36639547 0.54509804 0.71372549 0.60000000
v -0.16595017 -0.16613867 0.46361961 0.54509804 0.71372549 0.60000000
v -0.17854094 -0.05748160 0.36639547 0.54509804 0.71372549 0.60000000
v -0.17908321 -0.06322543 0.36639547 0.54509804 0.71372549 0.60000000
v -0.16595017 -0.18330220 0.46361961 0.54509804 0.71372549 0.60000000
v -0.16637382 -0.19472190 0.45789769 0.54509804 0.71372549 0.60000000
v -0.17950686 -0.08035498 0.36639547 0.54509804 0.71372549 0.60000000
v -0.17937130 -0.08606483 0.36639547 0.54509804 0.71372549 0.60000000
v -0.17908321 -0.09177468 0.36639547 0.54509804 0.71372549 0.60000000
v -0.09591293 -0.24913539 0.44308373 0.54509804 0.71372549 0.60000000
v -0.08730444 -0.25063084 0.44073193 0.54509804 0.71372549 0.60000000
v -0.08730444 -0.25063084 0.44645385 0.54509804 0.71372549 0.60000000
v -0.16527233 -0.19883435 0.45217577 0.54509804 0.71372549 0.60000000
v -0.08157674 -0.25110666 0.44073193 0.54509804 0.71372549 0.60000000
v -0.03850036 0.09416927 0.41486206 0.54509804 0.71372549 0.60000000
v -0.03628045 0.09447516 0.41818368 0.54509804 0.71372549 0.60000000
v -0.01733498 -0.01965385 0.25045386 0.54509804 0.71372549 0.60000000
v -0.04155062 0.09512092 0.41786849 0.54509804 0.71372549 0.60000000
v -0.04155062 0.09580066 0.42356617 0.54509804 0.71372549 0.60000000
v -0.04726137 0.09603857 0.42356617 0.54509804 0.71372549 0.60000000
v -0.05298907 0.09610655 0.42356617 0.54509804 0.71372549 0.60000000
v -0.00654047 -0.12039190 0.25045386 0.54509804 0.71372549 0.60000000
v -0.00652352 -0.11879450 0.25045386 0.54509804 0.71372549 0.60000000
v -0.03582291 -0.25100469 0.43501001 0.54509804 0.71372549 0.60000000
v -0.03582291 -0.25076679 0.42928809 0.54509804 0.71372549 0.60000000
v -0.03582291 -0.25025698 0.42356617 0.54509804 0.71372549 0.60000000
v -0.03258625 -0.24930534 0.42031728 0.54509804 0.71372549 0.60000000
v -0.01338659 -0.13289919 0.25045386 0.54509804 0.71372549 0.60000000
v -0.00947210 -0.12967041 0.25045386 0.54509804 0.71372549 0.60000000
v -0.00786224 -0.20617559 0.43501001 0.54509804 0.71372549 0.60000000
v -0.00899762 -0.12871876 0.25045386 0.54509804 0.71372549 0.60000000
v -0.00770973 -0.12610175 0.25045386 0.54509804 0.71372549 0.60000000
v -0.00738776 -0.12453834 0.25045386 0.54509804 0.71372549 0.60000000
v -0.04155062 -0.25110666 0.42928809 0.54509804 0.71372549 0.60000000
v -0.08157674 0.09583465 0.42928809 0.54509804 0.71372549 0.60000000
v -0.08730444 0.09518888 0.42928809 0.54509804 0.71372549 0.60000000
v -0.06442752 0.09610655 0.42356617 0.54509804 0.71372549 0.60000000
v -0.07013828 0.09607256 0.42356617 0.54509804 0.71372549 0.60000000
v -0.07586598 0.09580066 0.42356617 0.54509804 0.71372549 0.60000000
v -0.16928851 -0.00993351 0.39498081 0.54509804 0.71372549 0.60000000
v -0.08706719 0.09454313 0.42395410 0.54509804 0.71372549 0.60000000
v -0.08499980 0.09437320 0.42014756 0.54509804 0.71372549 0.60000000
v -0.08669438 -0.02397022 0.25045386 0.54509804 0.71372549 0.60000000
v -0.16976299 -0.01506558 0.38710106 0.54509804 0.71372549 0.60000000
v -0.17079668 -0.01384204 0.39090759 0.54509804 0.71372549 0.60000000
v -0.17179649 -0.01717278 0.38911342 0.54509804 0.71372549 0.60000000
v -0.17130506 -0.01887214 0.38460377 0.54509804 0.71372549 0.60000000
v -0.17164398 -0.02420813 0.37890611 0.54509804 0.71372549 0.60000000
v -0.17345718 -0.03416638 0.37177794 0.54509804 0.71372549 0.60000000
v -0.17525345 -0.03868668 0.37032323 0.54509804 0.71372549 0.60000000
v -0.17628715 -0.04249324 0.36874727 0.54509804 0.71372549 0.60000000
v -0.17691414 -0.04606190 0.36758348 0.54509804 0.71372549 0.60000000
v -0.17832065 -0.07464513 0.36067355 0.54509804 0.71372549 0.60000000
v -0.17832065 -0.08035498 0.36067355 0.54509804 0.71372549 0.60000000
v -0.17706665 -0.05748160 0.36198279 0.54509804 0.71372549 0.60000000
v -0.17760892 -0.06322543 0.36115846 0.54509804 0.71372549 0.60000000
v -0.17740558 -0.05143188 0.36593481 0.54509804 0.71372549 0.60000000
v -0.17798173 -0.10322837 0.37211739 0.54509804 0.71372549 0.60000000
v -0.17757503 -0.10893821 0.37211739 0.54509804 0.71372549 0.60000000
v -0.17633799 -0.11859058 0.37657855 0.54509804 0.71372549 0.60000000
v -0.17633799 -0.11859058 0.37412976 0.54509804 0.71372549 0.60000000
v -0.17760892 -0.09177468 0.36115846 0.54509804 0.71372549 0.60000000
v -0.17854094 -0.09751852 0.36639547 0.54509804 0.71372549 0.60000000
v -0.09035469 -0.24923736 0.42613617 0.54509804 0.71372549 0.60000000
v -0.09082918 -0.24944128 0.42928809 0.54509804 0.71372549 0.60000000
v -0.08730444 -0.25056287 0.43501001 0.54509804 0.71372549 0.60000000
v -0.16488258 -0.19825657 0.44815104 0.54509804 0.71372549 0.60000000
v -0.08157674 -0.25107267 0.43501001 0.54509804 0.71372549 0.60000000
v -0.07586598 -0.25110666 0.42928809 0.54509804 0.71372549 0.60000000
v -0.05049803 0.09386340 0.40947958 0.54509804 0.71372549 0.60000000
v -0.05431085 0.09427124 0.40906741 0.54509804 0.71372549 0.60000000
v -0.04155062 0.09440718 0.41435290 0.54509804 0.71372549 0.60000000
v -0.01850425 -0.01917803 0.25045386 0.54509804 0.71372549 0.60000000
v -0.02438446 -0.01713880 0.25045386 0.54509804 0.71372549 0.60000000
v -0.04726137 0.09556275 0.41786849 0.54509804 0.71372549 0.60000000
v -0.05869982 0.09569869 0.41786849 0.54509804 0.71372549 0.60000000
v -0.04155062 -0.25080077 0.42356617 0.54509804 0.71372549 0.60000000
v -0.04155062 -0.25012104 0.41786849 0.54509804 0.71372549 0.60000000
v -0.03628045 -0.24947527 0.41818368 0.54509804 0.71372549 0.60000000
v -0.03850036 -0.24916938 0.41486206 0.54509804 0.71372549 0.60000000
v -0.01579291 -0.13470051 0.25045386 0.54509804 0.71372549 0.60000000
v -0.05298907 -0.25110666 0.42356617 0.54509804 0.71372549 0.60000000
v -0.04726137 -0.25103868 0.42356617 0.54509804 0.71372549 0.60000000
v -0.08157674 0.09529085 0.42356617 0.54509804 0.71372549 0.60000000
v -0.06442752 0.09566472 0.41786849 0.54509804 0.71372549 0.60000000
v -0.07013828 0.09559674 0.41786849 0.54509804 0.71372549 0.60000000
v -0.07586598 0.09518888 0.41786849 0.54509804 0.71372549 0.60000000
v -0.08125476 0.09454313 0.41808671 0.54509804 0.71372549 0.60000000
v -0.07911959 0.09427124 0.41474083 0.54509804 0.71372549 0.60000000
v -0.08296630 -0.02111530 0.25045386 0.54509804 0.71372549 0.60000000
v -0.08567763 -0.02318852 0.25045386 0.54509804 0.71372549 0.60000000
v -0.08955824 -0.02723299 0.25045386 0.54509804 0.71372549 0.60000000
v -0.17013580 -0.02040157 0.38077300 0.54509804 0.71372549 0.60000000
v -0.17581266 -0.04929069 0.36372846 0.54509804 0.71372549 0.60000000
v -0.09047331 -0.02930621 0.25045386 0.54509804 0.71372549 0.60000000
v -0.09081223 -0.03008792 0.25045386 0.54509804 0.71372549 0.60000000
v -0.17645661 -0.05309725 0.36285563 0.54509804 0.71372549 0.60000000
v -0.17620242 -0.07464513 0.35747314 0.54509804 0.71372549 0.60000000
v -0.17759197 -0.06876535 0.36016439 0.54509804 0.71372549 0.60000000
v -0.17608380 -0.07056667 0.35764287 0.54509804 0.71372549 0.60000000
v -0.17620242 -0.08035498 0.35747314 0.54509804 0.71372549 0.60000000
v -0.17608380 -0.08443345 0.35764287 0.54509804 0.71372549 0.60000000
v -0.17759197 -0.08623477 0.36016439 0.54509804 0.71372549 0.60000000
v -0.17559237 -0.06322543 0.35829750 0.54509804 0.71372549 0.60000000
v -0.17586350 -0.06676010 0.35793381 0.54509804 0.71372549 0.60000000
v -0.17691414 -0.10893821 0.36755924 0.54509804 0.71372549 0.60000000
v -0.17630409 -0.11254086 0.36872303 0.54509804 0.71372549 0.60000000
v -0.17525345 -0.11634742 0.37032323 0.54509804 0.71372549 0.60000000
v -0.17345718 -0.12083373 0.37177794 0.54509804 0.71372549 0.60000000
v -0.17164398 -0.13075799 0.37890611 0.54509804 0.71372549 0.60000000
v -0.17130506 -0.13612797 0.38460377 0.54509804 0.71372549 0.60000000
v -0.17586350 -0.08824001 0.35793381 0.54509804 0.71372549 0.60000000
v -0.17559237 -0.09177468 0.35829750 0.54509804 0.71372549 0.60000000
v -0.17706665 -0.09751852 0.36198279 0.54509804 0.71372549 0.60000000
v -0.17740558 -0.10356824 0.36593481 0.54509804 0.71372549 0.60000000
v -0.08499980 -0.24937332 0.42014756 0.54509804 0.71372549 0.60000000
v -0.08706719 -0.24957724 0.42395410 0.54509804 0.71372549 0.60000000
v -0.08730444 -0.25018900 0.42928809 0.54509804 0.71372549 0.60000000
v -0.16044277 -0.19920821 0.44073193 0.54509804 0.71372549 0.60000000
v -0.15935823 -0.19839252 0.43711937 0.54509804 0.71372549 0.60000000
v -0.08669438 -0.13102989 0.25045386 0.54509804 0.71372549 0.60000000
v -0.08157674 -0.25083476 0.42928809 0.54509804 0.71372549 0.60000000
v -0.06442752 -0.25110666 0.42356617 0.54509804 0.71372549 0.60000000
v -0.07586598 -0.25083476 0.42356617 0.54509804 0.71372549 0.60000000
v -0.07013828 -0.25107267 0.42356617 0.54509804 0.71372549 0.60000000
v -0.02853619 -0.01618716 0.25045386 0.54509804 0.71372549 0.60000000
v -0.03011216 -0.01584728 0.25045386 0.54509804 0.71372549 0.60000000
v -0.05869982 0.09437320 0.40897042 0.54509804 0.71372549 0.60000000
v -0.05869982 0.09495097 0.41214657 0.54509804 0.71372549 0.60000000
v -0.03392498 -0.01520153 0.25045386 0.54509804 0.71372549 0.60000000
v -0.03565346 -0.01492963 0.25045386 0.54509804 0.71372549 0.60000000
v -0.03680577 -0.01475969 0.25045386 0.54509804 0.71372549 0.60000000
v -0.03838174 -0.01455577 0.25045386 0.54509804 0.71372549 0.60000000
v -0.04148283 -0.01435185 0.25045386 0.54509804 0.71372549 0.60000000
v -0.04726137 -0.25056287 0.41786849 0.54509804 0.71372549 0.60000000
v -0.04155062 -0.24940729 0.41435290 0.54509804 0.71372549 0.60000000
v -0.05431085 -0.24927135 0.40906741 0.54509804 0.71372549 0.60000000
v -0.05049803 -0.24882952 0.40947958 0.54509804 0.71372549 0.60000000
v -0.02438446 -0.13786132 0.25045386 0.54509804 0.71372549 0.60000000
v -0.01821616 -0.13572012 0.25045386 0.54509804 0.71372549 0.60000000
v -0.05869982 -0.25073280 0.41786849 0.54509804 0.71372549 0.60000000
v -0.05298907 -0.25066483 0.41786849 0.54509804 0.71372549 0.60000000
v -0.06442752 0.09481503 0.41214657 0.54509804 0.71372549 0.60000000
v -0.06729138 0.09406732 0.40928561 0.54509804 0.71372549 0.60000000
v -0.07586598 0.09447516 0.41418319 0.54509804 0.71372549 0.60000000
v -0.07586598 -0.01798848 0.25045386 0.54509804 0.71372549 0.60000000
v -0.08011939 -0.01965385 0.25045386 0.54509804 0.71372549 0.60000000
v -0.09167647 -0.03460821 0.25045386 0.54509804 0.71372549 0.60000000
v -0.09272711 -0.07464513 0.25045386 0.54509804 0.71372549 0.60000000
v -0.09201538 -0.04035205 0.25045386 0.54509804 0.71372549 0.60000000
v -0.09226957 -0.04606190 0.25045386 0.54509804 0.71372549 0.60000000
v -0.09243903 -0.05177175 0.25045386 0.54509804 0.71372549 0.60000000
v -0.09254071 -0.05748160 0.25045386 0.54509804 0.71372549 0.60000000
v -0.09272711 -0.08035498 0.25045386 0.54509804 0.71372549 0.60000000
v -0.09267627 -0.08762824 0.25045386 0.54509804 0.71372549 0.60000000
v -0.09254071 -0.09908193 0.25045386 0.54509804 0.71372549 0.60000000
v -0.09243903 -0.10479178 0.25045386 0.54509804 0.71372549 0.60000000
v -0.09226957 -0.11050163 0.25045386 0.54509804 0.71372549 0.60000000
v -0.09199844 -0.11624546 0.25045386 0.54509804 0.71372549 0.60000000
v -0.09167647 -0.12039190 0.25045386 0.54509804 0.71372549 0.60000000
v -0.17645661 -0.10190287 0.36285563 0.54509804 0.71372549 0.60000000
v -0.17581266 -0.10570943 0.36372846 0.54509804 0.71372549 0.60000000
v -0.09081223 -0.12491220 0.25045386 0.54509804 0.71372549 0.60000000
v -0.08955824 -0.12776712 0.25045386 0.54509804 0.71372549 0.60000000
v -0.17013580 -0.13459855 0.38077300 0.54509804 0.71372549 0.60000000
v -0.09150701 -0.12154747 0.25045386 0.54509804 0.71372549 0.60000000
v -0.07911959 -0.24927135 0.41474083 0.54509804 0.71372549 0.60000000
v -0.08123782 -0.24957724 0.41808671 0.54509804 0.71372549 0.60000000
v -0.08157674 -0.25032496 0.42356617 0.54509804 0.71372549 0.60000000
v -0.08399999 -0.13310311 0.25045386 0.54509804 0.71372549 0.60000000
v -0.08296630 -0.13388482 0.25045386 0.54509804 0.71372549 0.60000000
v -0.08877873 -0.12871876 0.25045386 0.54509804 0.71372549 0.60000000
v -0.07586598 -0.25022299 0.41786849 0.54509804 0.71372549 0.60000000
v -0.07013828 -0.25059686 0.41786849 0.54509804 0.71372549 0.60000000
v -0.06442752 -0.25066483 0.41786849 0.54509804 0.71372549 0.60000000
v -0.06442752 0.09420326 0.40911590 0.54509804 0.71372549 0.60000000
v -0.04726137 -0.01414792 0.25045386 0.54509804 0.71372549 0.60000000
v -0.05298907 -0.01414792 0.25045386 0.54509804 0.71372549 0.60000000
v -0.05869982 -0.25001907 0.41214657 0.54509804 0.71372549 0.60000000
v -0.05869982 -0.24933933 0.40897042 0.54509804 0.71372549 0.60000000
v -0.04726137 -0.14081820 0.25045386 0.54509804 0.71372549 0.60000000
v -0.04310963 -0.14068225 0.25045386 0.54509804 0.71372549 0.60000000
v -0.04148283 -0.14061428 0.25045386 0.54509804 0.71372549 0.60000000
v -0.03841563 -0.14044435 0.25045386 0.54509804 0.71372549 0.60000000
v -0.03568735 -0.14007049 0.25045386 0.54509804 0.71372549 0.60000000
v -0.03190842 -0.13945872 0.25045386 0.54509804 0.71372549 0.60000000
v -0.03011216 -0.13915283 0.25045386 0.54509804 0.71372549 0.60000000
v -0.05841175 -0.01441982 0.25045386 0.54509804 0.71372549 0.60000000
v -0.06090279 -0.01465773 0.25045386 0.54509804 0.71372549 0.60000000
v -0.06405472 -0.01513355 0.25045386 0.54509804 0.71372549 0.60000000
v -0.06857926 -0.01601722 0.25045386 0.54509804 0.71372549 0.60000000
v -0.07013828 -0.01632310 0.25045386 0.54509804 0.71372549 0.60000000
v -0.06729138 -0.24906743 0.40928561 0.54509804 0.71372549 0.60000000
v -0.07586598 -0.24947527 0.41418319 0.54509804 0.71372549 0.60000000
v -0.08216984 -0.13429266 0.25045386 0.54509804 0.71372549 0.60000000
v -0.08010244 -0.13534627 0.25045386 0.54509804 0.71372549 0.60000000
v -0.07586598 -0.13701164 0.25045386 0.54509804 0.71372549 0.60000000
v -0.06442752 -0.24981515 0.41214657 0.54509804 0.71372549 0.60000000
v -0.06442752 -0.24920337 0.40911590 0.54509804 0.71372549 0.60000000
v -0.05298907 -0.14081820 0.25045386 0.54509804 0.71372549 0.60000000
v -0.07013828 -0.13867701 0.25045386 0.54509804 0.71372549 0.60000000
v -0.06600349 -0.13949271 0.25045386 0.54509804 0.71372549 0.60000000
v -0.06442752 -0.13979859 0.25045386 0.54509804 0.71372549 0.60000000
v -0.06197037 -0.14017245 0.25045386 0.54509804 0.71372549 0.60000000
v -0.06076722 -0.14034239 0.25045386 0.54509804 0.71372549 0.60000000
v -0.05998771 -0.14041036 0.25045386 0.54509804 0.71372549 0.60000000
v -0.05792032 -0.14058030 0.25045386 0.54509804 0.71372549 0.60000000
f 1 2 10
f 1 10 3
f 1 3 4
f 1 4 5
f 1 5 6
f 1 6 19
f 1 19 7
f 1 7 11
f 1 11 2
f 2 8 9
f 2 9 10
f 2 11 23
f 2 23 8
f 3 12 4
f 3 10 13
f 3 13 14
f 3 14 15
f 3 15 12
f 4 12 16
f 4 16 17
f 4 17 18
f 4 18 5
f 5 18 6
f 6 18 39
f 6 39 19
f 7 19 20
f 7 20 27
f 7 27 11
f 8 21 22
f 8 22 9
f 8 23 48
f 8 48 21
f 9 22 24
f 9 24 10
f 10 24 25
f 10 25 26
f 10 26 13
f 11 27 28
f 11 28 23
f 12 29 16
f 12 15 30
f 12 30 29
f 13 26 31
f 13 31 32
f 13 32 14
f 14 32 15
f 15 32 33
f 15 33 30
f 16 34 35
f 16 35 17
f 16 29 30
f 16 30 34
f 17 35 36
f 17 36 37
f 17 37 38
f 17 38 39
f 17 39 18
f 19 39 40
f 19 40 20
f 20 40 41
f 20 41 42
f 20 42 43
f 20 43 44
f 20 44 45
f 20 45 46
f 20 46 27
f 21 47 22
f 21 48 76
f 21 76 47
f 22 47 49
f 22 49 24
f 23 28 50
f 23 50 48
f 24 49 51
f 24 51 52
f 24 52 53
f 24 53 26
f 24 26 25
f 26 53 54
f 26 54 31
f 27 55 56
f 27 56 28
f 27 46 57
f 27 57 55
f 28 56 50
f 30 33 58
f 30 58 59
f 30 59 34
f 31 54 60
f 31 60 32
f 32 60 61
f 32 61 62
f 32 62 63
f 32 63 33
f 33 63 64
f 33 64 58
f 34 59 35
f 35 65 66
f 35 66 67
f 35 67 36
f 35 59 65
f 36 67 68
f 36 68 37
f 37 68 106
f 37 106 69
f 37 69 38
f 38 69 41
f 38 41 40
f 38 40 39
f 41 69 70
f 41 70 42
f 42 70 44
f 42 44 43
f 44 71 72
f 44 72 73
f 44 73 45
f 44 70 71
f 45 73 46
f 46 73 74
f 46 74 57
f 47 75 51
f 47 51 49
f 47 76 116
f 47 116 75
f 48 50 76
f 50 56 77
f 50 77 76
f 51 75 78
f 51 78 52
f 52 78 79
f 52 79 80
f 52 80 81
f 52 81 82
f 52 82 53
f 53 82 83
f 53 83 54
f 54 83 84
f 54 84 85
f 54 85 86
f 54 86 60
f 55 57 56
f 56 87 88
f 56 88 77
f 56 57 89
f 56 89 87
f 57 74 90
f 57 90 89
f 58 64 91
f 58 91 92
f 58 92 93
f 58 93 94
f 58 94 59
f 59 94 95
f 59 95 66
f 59 66 65
f 60 86 96
f 60 96 61
f 61 96 62
f 62 96 97
f 62 97 63
f 63 97 64
f 64 97 91
f 66 98 67
f 66 95 99
f 66 99 100
f 66 100 101
f 66 101 98
f 67 98 102
f 67 102 103
f 67 103 104
f 67 104 68
f 68 104 105
f 68 105 106
f 69 106 107
f 69 107 108
f 69 108 70
f 70 108 71
f 71 109 72
f 71 108 109
f 72 109 110
f 72 110 111
f 72 111 73
f 73 111 112
f 73 112 113
f 73 113 114
f 73 114 74
f 74 114 90
f 75 115 78
f 75 116 165
f 75 165 115
f 76 77 88
f 76 88 116
f 78 115 117
f 78 117 79
f 79 117 80
f 80 117 118
f 80 118 119
f 80 119 120
f 80 120 81
f 81 120 121
f 81 121 82
f 82 121 122
f 82 122 83
f 83 123 124
f 83 124 84
f 83 122 125
f 83 125 123
f 84 124 126
f 84 126 85
f 85 126 127
f 85 127 86
f 86 127 128
f 86 128 96
f 87 129 130
f 87 130 131
f 87 131 132
f 87 132 88
f 87 89 133
f 87 133 129
f 88 132 116
f 89 90 134
f 89 134 133
f 90 114 135
f 90 135 136
f 90 136 137
f 90 137 134
f 91 138 92
f 91 97 139
f 91 139 140
f 91 140 138
f 92 138 93
f 93 138 94
f 94 138 141
f 94 141 142
f 94 142 143
f 94 143 95
f 95 143 99
f 96 128 144
f 96 144 145
f 96 145 97
f 97 145 146
f 97 146 139
f 98 101 102
f 99 147 148
f 99 148 149
f 99 149 150
f 99 150 100
f 99 143 142
f 99 142 147
f 100 150 151
f 100 151 152
f 100 152 154
f 100 154 153
f 100 153 101
f 101 153 103
f 101 103 102
f 103 153 104
f 104 154 155
f 104 155 105
f 104 153 154
f 105 155 107
f 105 107 106
f 107 155 156
f 107 156 157
f 107 157 158
f 107 158 109
f 107 109 108
f 109 159 160
f 109 160 161
f 109 161 162
f 109 162 110
f 109 158 157
f 109 157 159
f 110 162 163
f 110 163 111
f 111 163 112
f 112 163 164
f 112 164 113
f 113 164 114
f 114 164 135
f 115 165 166
f 115 166 117
f 116 132 165
f 117 166 167
f 117 167 118
f 118 167 119
f 119 168 169
f 119 169 120
f 119 167 170
f 119 170 168
f 120 169 121
f 121 169 122
f 122 169 171
f 122 171 125
f 123 172 173
f 123 173 174
f 123 174 175
f 123 175 176
f 123 176 124
f 123 125 177
f 123 177 172
f 124 176 126
f 125 171 178
f 125 178 177
f 126 176 175
f 126 175 179
f 126 179 127
f 127 179 180
f 127 180 128
f 128 180 144
f 129 181 130
f 129 133 181
f 130 181 170
f 130 170 167
f 130 167 166
f 130 166 131
f 131 166 132
f 132 166 165
f 133 134 182
f 133 182 183
f 133 183 181
f 134 137 184
f 134 184 185
f 134 185 186
f 134 186 182
f 135 164 187
f 135 187 188
f 135 188 136
f 136 188 189
f 136 189 137
f 137 189 184
f 138 140 190
f 138 190 191
f 138 191 192
f 138 192 141
f 139 146 193
f 139 193 140
f 140 193 190
f 141 192 142
f 142 192 191
f 142 191 194
f 142 194 195
f 142 195 147
f 144 180 196
f 144 196 145
f 145 196 237
f 145 237 295
f 145 295 353
f 145 353 399
f 145 399 415
f 145 415 372
f 145 372 318
f 145 318 257
f 145 257 256
f 145 256 197
f 145 197 146
f 146 197 193
f 147 198 148
f 147 195 198
f 148 199 200
f 148 200 201
f 148 201 149
f 148 198 199
f 149 201 202
f 149 202 203
f 149 203 150
f 150 203 204
f 150 204 151
f 151 204 205
f 151 205 206
f 151 206 156
f 151 156 152
f 152 156 154
f 154 156 155
f 156 206 157
f 157 206 207
f 157 207 208
f 157 208 209
f 157 209 159
f 159 210 211
f 159 211 161
f 159 161 160
f 159 209 208
f 159 208 212
f 159 212 210
f 161 213 214
f 161 214 215
f 161 215 162
f 161 211 213
f 162 215 216
f 162 216 163
f 163 216 217
f 163 217 218
f 163 218 164
f 164 218 219
f 164 219 187
f 168 220 169
f 168 170 221
f 168 221 222
f 168 222 220
f 169 220 223
f 169 223 171
f 170 181 224
f 170 224 221
f 171 223 225
f 171 225 226
f 171 226 178
f 172 177 173
f 173 227 228
f 173 228 229
f 173 229 230
f 173 230 231
f 173 231 232
f 173 232 174
f 173 177 233
f 173 233 234
f 173 234 235
f 173 235 227
f 174 236 175
f 174 232 231
f 174 231 236
f 175 236 237
f 175 237 238
f 175 238 179
f 177 178 239
f 177 239 233
f 178 226 240
f 178 240 241
f 178 241 242
f 178 242 239
f 179 238 180
f 180 237 196
f 180 238 237
f 181 183 182
f 181 182 243
f 181 243 224
f 182 186 244
f 182 244 243
f 184 189 245
f 184 245 185
f 185 245 246
f 185 246 247
f 185 247 248
f 185 248 249
f 185 249 250
f 185 250 186
f 186 250 251
f 186 251 244
f 187 219 252
f 187 252 188
f 188 252 253
f 188 253 189
f 189 253 245
f 190 193 254
f 190 254 191
f 191 254 255
f 191 255 195
f 191 195 194
f 193 197 256
f 193 256 257
f 193 257 254
f 195 255 258
f 195 258 259
f 195 259 200
f 195 200 198
f 198 200 199
f 200 260 261
f 200 261 262
f 200 262 263
f 200 263 264
f 200 264 265
f 200 265 201
f 200 259 319
f 200 319 260
f 201 265 266
f 201 266 267
f 201 267 202
f 202 267 268
f 202 268 269
f 202 269 203
f 203 269 204
f 204 269 205
f 205 269 207
f 205 207 206
f 207 270 208
f 207 269 270
f 208 271 212
f 208 270 272
f 208 272 273
f 208 273 271
f 210 274 275
f 210 275 276
f 210 276 213
f 210 213 211
f 210 212 277
f 210 277 274
f 212 271 277
f 213 276 214
f 214 276 278
f 214 278 279
f 214 279 215
f 215 279 216
f 216 279 217
f 217 279 280
f 217 280 218
f 218 280 339
f 218 339 338
f 218 338 392
f 218 392 447
f 218 447 501
f 218 501 460
f 218 460 412
f 218 412 369
f 218 369 316
f 218 316 281
f 218 281 219
f 219 281 252
f 220 282 225
f 220 225 223
f 220 222 283
f 220 283 282
f 221 224 222
f 222 224 284
f 222 284 285
f 222 285 283
f 224 243 284
f 225 282 286
f 225 286 226
f 226 286 287
f 226 287 240
f 227 288 228
f 227 235 289
f 227 289 288
f 228 288 290
f 228 290 291
f 228 291 229
f 229 291 230
f 230 291 292
f 230 292 236
f 230 236 231
f 233 239 293
f 233 293 234
f 234 293 235
f 235 293 294
f 235 294 289
f 236 292 237
f 237 292 295
f 239 242 296
f 239 296 297
f 239 297 293
f 240 287 241
f 241 287 298
f 241 298 299
f 241 299 242
f 242 299 296
f 243 244 284
f 244 251 300
f 244 300 285
f 244 285 284
f 245 253 246
f 246 253 301
f 246 301 302
f 246 302 247
f 247 302 303
f 247 303 248
f 248 303 304
f 248 304 305
f 248 305 306
f 248 306 307
f 248 307 308
f 248 308 309
f 248 309 310
f 248 310 311
f 248 311 250
f 248 250 249
f 250 311 312
f 250 312 251
f 251 312 313
f 251 313 314
f 251 314 315
f 251 315 300
f 252 301 253
f 252 281 316
f 252 316 301
f 254 257 255
f 255 317 258
f 255 257 318
f 255 318 317
f 258 317 319
f 258 319 259
f 260 320 261
f 260 319 320
f 261 321 322
f 261 322 262
f 261 320 319
f 261 319 321
f 262 322 377
f 262 377 323
f 262 323 263
f 263 324 264
f 263 323 325
f 263 325 326
f 263 326 324
f 264 324 265
f 265 324 327
f 265 327 266
f 266 328 329
f 266 329 330
f 266 330 331
f 266 331 273
f 266 273 267
f 266 327 328
f 267 273 268
f 268 273 272
f 268 272 270
f 268 270 269
f 271 332 274
f 271 274 277
f 271 273 331
f 271 331 330
f 271 330 333
f 271 333 332
f 274 334 335
f 274 335 336
f 274 336 276
f 274 276 275
f 274 332 337
f 274 337 334
f 276 336 338
f 276 338 278
f 278 338 279
f 279 338 339
f 279 339 280
f 282 283 286
f 283 285 340
f 283 340 286
f 285 300 340
f 286 340 341
f 286 341 287
f 287 341 359
f 287 359 298
f 288 342 343
f 288 343 290
f 288 289 344
f 288 344 345
f 288 345 346
f 288 346 347
f 288 347 342
f 289 294 348
f 289 348 344
f 290 349 291
f 290 343 342
f 290 342 349
f 291 350 351
f 291 351 295
f 291 295 292
f 291 349 350
f 293 297 352
f 293 352 294
f 294 352 348
f 295 351 353
f 296 299 360
f 296 360 354
f 296 354 297
f 297 355 352
f 297 354 356
f 297 356 357
f 297 357 358
f 297 358 355
f 298 359 360
f 298 360 299
f 300 315 341
f 300 341 340
f 301 316 302
f 302 361 304
f 302 304 303
f 302 316 369
f 302 369 361
f 304 361 305
f 305 361 362
f 305 362 306
f 306 362 307
f 307 363 364
f 307 364 308
f 307 362 365
f 307 365 363
f 308 364 366
f 308 366 309
f 309 366 367
f 309 367 368
f 309 368 310
f 310 368 312
f 310 312 311
f 312 368 356
f 312 356 354
f 312 354 313
f 313 354 360
f 313 360 314
f 314 360 359
f 314 359 341
f 314 341 315
f 317 370 319
f 317 318 371
f 317 371 370
f 318 372 371
f 319 370 373
f 319 373 374
f 319 374 375
f 319 375 322
f 319 322 321
f 322 375 376
f 322 376 377
f 323 377 325
f 324 326 378
f 324 378 379
f 324 379 380
f 324 380 327
f 325 377 381
f 325 381 382
f 325 382 326
f 326 382 378
f 327 380 328
f 328 380 329
f 329 380 330
f 330 383 333
f 330 380 383
f 332 333 384
f 332 384 337
f 333 383 379
f 333 379 385
f 333 385 386
f 333 386 387
f 333 387 384
f 334 388 335
f 334 337 388
f 335 389 390
f 335 390 336
f 335 388 389
f 336 390 338
f 337 384 391
f 337 391 388
f 338 390 389
f 338 389 392
f 342 393 394
f 342 394 349
f 342 347 393
f 344 348 352
f 344 352 355
f 344 355 358
f 344 358 401
f 344 401 400
f 344 400 411
f 344 411 410
f 344 410 409
f 344 409 407
f 344 407 406
f 344 406 459
f 344 459 518
f 344 518 517
f 344 517 565
f 344 565 564
f 344 564 563
f 344 563 562
f 344 562 561
f 344 561 560
f 344 560 559
f 344 559 578
f 344 578 585
f 344 585 584
f 344 584 583
f 344 583 582
f 344 582 581
f 344 581 580
f 344 580 579
f 344 579 575
f 344 575 574
f 344 574 573
f 344 573 549
f 344 549 548
f 344 548 499
f 344 499 550
f 344 550 542
f 344 542 541
f 344 541 544
f 344 544 538
f 344 538 537
f 344 537 536
f 344 536 535
f 344 535 534
f 344 534 533
f 344 533 532
f 344 532 527
f 344 527 531
f 344 531 530
f 344 530 529
f 344 529 528
f 344 528 526
f 344 526 474
f 344 474 473
f 344 473 470
f 344 470 421
f 344 421 469
f 344 469 468
f 344 468 525
f 344 525 524
f 344 524 570
f 344 570 569
f 344 569 568
f 344 568 567
f 344 567 566
f 344 566 556
f 344 556 555
f 344 555 512
f 344 512 511
f 344 511 510
f 344 510 509
f 344 509 508
f 344 508 505
f 344 505 504
f 344 504 452
f 344 452 451
f 344 451 395
f 344 395 347
f 344 347 346
f 344 346 345
f 347 395 393
f 349 394 396
f 349 396 397
f 349 397 350
f 350 397 353
f 350 353 351
f 353 397 398
f 353 398 399
f 356 368 400
f 356 400 401
f 356 401 358
f 356 358 357
f 361 369 362
f 362 369 402
f 362 402 403
f 362 403 404
f 362 404 365
f 363 405 364
f 363 365 404
f 363 404 405
f 364 405 406
f 364 406 407
f 364 407 366
f 366 408 367
f 366 407 409
f 366 409 410
f 366 410 408
f 367 408 410
f 367 410 411
f 367 411 400
f 367 400 368
f 369 412 402
f 370 371 413
f 370 413 414
f 370 414 373
f 371 372 413
f 372 415 416
f 372 416 417
f 372 417 413
f 373 414 374
f 374 418 375
f 374 414 419
f 374 419 420
f 374 420 421
f 374 421 422
f 374 422 423
f 374 423 418
f 375 418 423
f 375 423 376
f 376 423 424
f 376 424 377
f 377 424 423
f 377 423 425
f 377 425 426
f 377 426 427
f 377 427 428
f 377 428 429
f 377 429 430
f 377 430 381
f 378 382 431
f 378 431 379
f 379 431 432
f 379 432 385
f 379 383 380
f 381 433 434
f 381 434 382
f 381 430 435
f 381 435 433
f 382 434 431
f 384 387 436
f 384 436 437
f 384 437 438
f 384 438 439
f 384 439 391
f 385 432 386
f 386 432 387
f 387 432 440
f 387 440 441
f 387 441 437
f 387 437 436
f 388 442 443
f 388 443 444
f 388 444 389
f 388 391 445
f 388 445 442
f 389 444 446
f 389 446 392
f 391 439 445
f 392 446 447
f 393 448 449
f 393 449 450
f 393 450 396
f 393 396 394
f 393 395 451
f 393 451 452
f 393 452 448
f 396 453 397
f 396 450 453
f 397 453 398
f 398 453 454
f 398 454 399
f 399 454 415
f 402 412 403
f 403 455 404
f 403 412 455
f 404 456 457
f 404 457 405
f 404 455 456
f 405 457 458
f 405 458 459
f 405 459 406
f 412 460 461
f 412 461 455
f 413 417 462
f 413 462 414
f 414 462 420
f 414 420 419
f 415 454 463
f 415 463 416
f 416 463 464
f 416 464 417
f 417 464 465
f 417 465 462
f 420 462 465
f 420 465 466
f 420 466 467
f 420 467 468
f 420 468 469
f 420 469 421
f 421 470 422
f 422 470 471
f 422 471 425
f 422 425 423
f 425 471 426
f 426 471 470
f 426 470 427
f 427 470 428
f 428 470 429
f 429 472 430
f 429 470 473
f 429 473 474
f 429 474 472
f 430 472 475
f 430 475 433
f 430 433 435
f 431 476 479
f 431 479 432
f 431 434 477
f 431 477 478
f 431 478 476
f 432 479 480
f 432 480 481
f 432 481 440
f 433 482 434
f 433 475 474
f 433 474 482
f 434 482 483
f 434 483 477
f 437 441 484
f 437 484 439
f 437 439 438
f 439 484 485
f 439 485 486
f 439 486 487
f 439 487 488
f 439 488 489
f 439 489 445
f 440 481 490
f 440 490 491
f 440 491 492
f 440 492 441
f 441 492 493
f 441 493 484
f 442 494 495
f 442 495 496
f 442 496 443
f 442 445 497
f 442 497 498
f 442 498 499
f 442 499 494
f 443 496 444
f 444 496 500
f 444 500 446
f 445 498 497
f 445 489 498
f 446 500 447
f 447 500 502
f 447 502 503
f 447 503 501
f 448 452 504
f 448 504 505
f 448 505 449
f 449 506 507
f 449 507 453
f 449 453 450
f 449 505 508
f 449 508 509
f 449 509 510
f 449 510 511
f 449 511 512
f 449 512 506
f 453 507 454
f 454 507 463
f 455 513 456
f 455 461 513
f 456 513 514
f 456 514 458
f 456 458 457
f 458 514 515
f 458 515 516
f 458 516 517
f 458 517 518
f 458 518 459
f 460 501 519
f 460 519 461
f 461 519 520
f 461 520 513
f 463 507 464
f 464 507 521
f 464 521 522
f 464 522 523
f 464 523 465
f 465 523 467
f 465 467 466
f 467 523 522
f 467 522 524
f 467 524 525
f 467 525 468
f 472 474 475
f 474 526 482
f 476 527 532
f 476 532 479
f 476 478 526
f 476 526 528
f 476 528 529
f 476 529 530
f 476 530 531
f 476 531 527
f 477 483 478
f 478 483 526
f 479 532 533
f 479 533 534
f 479 534 535
f 479 535 536
f 479 536 537
f 479 537 480
f 480 537 538
f 480 538 490
f 480 490 481
f 482 526 483
f 484 493 492
f 484 492 539
f 484 539 540
f 484 540 485
f 485 540 541
f 485 541 542
f 485 542 486
f 486 542 487
f 487 542 488
f 488 542 543
f 488 543 489
f 489 543 498
f 490 538 544
f 490 544 491
f 491 544 541
f 491 541 492
f 492 541 539
f 494 545 546
f 494 546 547
f 494 547 495
f 494 499 548
f 494 548 549
f 494 549 545
f 495 547 496
f 496 547 500
f 498 543 542
f 498 542 550
f 498 550 499
f 500 547 502
f 501 503 519
f 502 547 551
f 502 551 552
f 502 552 503
f 503 552 553
f 503 553 519
f 506 554 521
f 506 521 507
f 506 512 555
f 506 555 556
f 506 556 554
f 513 520 557
f 513 557 515
f 513 515 514
f 515 557 558
f 515 558 559
f 515 559 560
f 515 560 561
f 515 561 562
f 515 562 563
f 515 563 564
f 515 564 565
f 515 565 516
f 516 565 517
f 519 553 557
f 519 557 520
f 521 554 522
f 522 554 566
f 522 566 567
f 522 567 568
f 522 568 569
f 522 569 570
f 522 570 524
f 539 541 540
f 545 571 572
f 545 572 551
f 545 551 546
f 545 549 573
f 545 573 574
f 545 574 575
f 545 575 571
f 546 551 547
f 551 572 571
f 551 571 552
f 552 571 576
f 552 576 557
f 552 557 553
f 554 556 566
f 557 576 577
f 557 577 558
f 558 577 578
f 558 578 559
f 571 577 576
f 571 575 579
f 571 579 580
f 571 580 581
f 571 581 582
f 571 582 583
f 571 583 577
f 577 583 584
f 577 584 585
f 577 585 578

o geometry_1
v 0.00992299 -0.18862802 -0.02251894 0.54117647 0.42352941 0.64313725
v -0.00151102 -0.18860630 0.00034265 0.54117647 0.42352941 0.64313725
v 0.00421531 -0.18860630 -0.01679546 0.54117647 0.42352941 0.64313725
v 0.00992299 -0.18860630 -0.02824242 0.54117647 0.42352941 0.64313725
v 0.01564932 -0.18856287 -0.02251894 0.54117647 0.42352941 0.64313725
v 0.00992299 -0.18860630 -0.01679546 0.54117647 0.42352941 0.64313725
v -0.01865272 -0.18858459 0.05182164 0.54117647 0.42352941 0.64313725
v -0.03581306 -0.18856287 0.09182132 0.54117647 0.42352941 0.64313725
v -0.03581306 -0.18856287 0.08613018 0.54117647 0.42352941 0.64313725
v 0.00421531 -0.18856287 -0.02824242 0.54117647 0.42352941 0.64313725
v -0.03008673 -0.18856287 0.06899207 0.54117647 0.42352941 0.64313725
v 0.01564932 -0.18854115 -0.02824242 0.54117647 0.42352941 0.64313725
v 0.00421531 -0.18843257 -0.03396589 0.54117647 0.42352941 0.64313725
v 0.00992299 -0.18843257 -0.03396589 0.54117647 0.42352941 0.64313725
v 0.02137566 -0.18843257 -0.02251894 0.54117647 0.42352941 0.64313725
v 0.01564932 -0.18851944 -0.01679546 0.54117647 0.42352941 0.64313725
v -0.03008673 -0.18854115 0.08613018 0.54117647 0.42352941 0.64313725
v -0.02436040 -0.18856287 0.06899207 0.54117647 0.42352941 0.64313725
v -0.03008673 -0.18856287 0.08043903 0.54117647 0.42352941 0.64313725
v -0.04724708 -0.18854115 0.12043872 0.54117647 0.42352941 0.64313725
v -0.04724708 -0.18854115 0.11471524 0.54117647 0.42352941 0.64313725
v -0.04152074 -0.18854115 0.09754480 0.54117647 0.42352941 0.64313725
v -0.00151102 -0.18854115 -0.01679546 0.54117647 0.42352941 0.64313725
v -0.00151102 -0.18845429 -0.02824242 0.54117647 0.42352941 0.64313725
v 0.02137566 -0.18834571 -0.02824242 0.54117647 0.42352941 0.64313725
v 0.01564932 -0.18830227 -0.03396589 0.54117647 0.42352941 0.64313725
v -0.00151102 -0.18832399 -0.03396589 0.54117647 0.42352941 0.64313725
v -0.00151102 -0.18788966 -0.03968937 0.54117647 0.42352941 0.64313725
v 0.00421531 -0.18797653 -0.03968937 0.54117647 0.42352941 0.64313725
v 0.00992299 -0.18791138 -0.03968937 0.54117647 0.42352941 0.64313725
v 0.02708334 -0.18817198 -0.02251894 0.54117647 0.42352941 0.64313725
v 0.02708334 -0.18817198 -0.01679546 0.54117647 0.42352941 0.64313725
v 0.02137566 -0.18838914 -0.01679546 0.54117647 0.42352941 0.64313725
v -0.04152074 -0.18851944 0.11471524 0.54117647 0.42352941 0.64313725
v -0.04724708 -0.18851944 0.12616220 0.54117647 0.42352941 0.64313725
v -0.05297341 -0.18849772 0.12616220 0.54117647 0.42352941 0.64313725
v -0.00723736 -0.18825884 -0.02824242 0.54117647 0.42352941 0.64313725
v 0.02708334 -0.18795481 -0.02824242 0.54117647 0.42352941 0.64313725
v 0.02137566 -0.18797653 -0.03396589 0.54117647 0.42352941 0.64313725
v 0.01564932 -0.18769421 -0.03968937 0.54117647 0.42352941 0.64313725
v -0.00723736 -0.18810683 -0.03396589 0.54117647 0.42352941 0.64313725
v -0.00723736 -0.18767250 -0.03968937 0.54117647 0.42352941 0.64313725
v -0.00151102 -0.18704270 -0.04541286 0.54117647 0.42352941 0.64313725
v 0.00421531 -0.18710785 -0.04541286 0.54117647 0.42352941 0.64313725
v 0.00992299 -0.18699927 -0.04541286 0.54117647 0.42352941 0.64313725
v 0.03280967 -0.18767250 -0.02251894 0.54117647 0.42352941 0.64313725
v 0.03280967 -0.18775936 -0.01679546 0.54117647 0.42352941 0.64313725
v 0.03280967 -0.18769421 -0.01107197 0.54117647 0.42352941 0.64313725
v 0.02708334 -0.18806339 -0.01107197 0.54117647 0.42352941 0.64313725
v 0.02137566 -0.18830227 -0.01107197 0.54117647 0.42352941 0.64313725
v -0.04152074 -0.18843257 0.12043872 0.54117647 0.42352941 0.64313725
v -0.04724708 -0.18841086 0.13188568 0.54117647 0.42352941 0.64313725
v -0.05297341 -0.18843257 0.13188568 0.54117647 0.42352941 0.64313725
v -0.05868109 -0.18815026 0.12616220 0.54117647 0.42352941 0.64313725
v -0.05297341 -0.18841086 0.12043872 0.54117647 0.42352941 0.64313725
v -0.01294504 -0.18825884 -0.01107197 0.54117647 0.42352941 0.64313725
v -0.01294504 -0.18799824 -0.02824242 0.54117647 0.42352941 0.64313725
v 0.03280967 -0.18732504 -0.02824242 0.54117647 0.42352941 0.64313725
v 0.02708334 -0.18745533 -0.03396589 0.54117647 0.42352941 0.64313725
v 0.02137566 -0.18725989 -0.03968937 0.54117647 0.42352941 0.64313725
v 0.01551876 -0.18665181 -0.04573622 0.54117647 0.42352941 0.64313725
v -0.01294504 -0.18780280 -0.03396589 0.54117647 0.42352941 0.64313725
v -0.01294504 -0.18730332 -0.03968937 0.54117647 0.42352941 0.64313725
v -0.01294504 -0.18656494 -0.04470147 0.54117647 0.42352941 0.64313725
v -0.00770367 -0.18669524 -0.04596257 0.54117647 0.42352941 0.64313725
v -0.00611820 -0.18626091 -0.04864646 0.54117647 0.42352941 0.64313725
v -0.00151102 -0.18634778 -0.04896982 0.54117647 0.42352941 0.64313725
v 0.00421531 -0.18634778 -0.04906683 0.54117647 0.42352941 0.64313725
v 0.00992299 -0.18628263 -0.04877580 0.54117647 0.42352941 0.64313725
v 0.01352293 -0.18621748 -0.04845244 0.54117647 0.42352941 0.64313725
v 0.03853601 -0.18686897 -0.02251894 0.54117647 0.42352941 0.64313725
v 0.03853601 -0.18710785 -0.01679546 0.54117647 0.42352941 0.64313725
v 0.03853601 -0.18712959 -0.01107197 0.54117647 0.42352941 0.64313725
v 0.03853601 -0.18702099 -0.00538084 0.54117647 0.42352941 0.64313725
v 0.03280967 -0.18754220 -0.00538084 0.54117647 0.42352941 0.64313725
v 0.02708334 -0.18791138 -0.00538084 0.54117647 0.42352941 0.64313725
v -0.04152074 -0.18830227 0.12616220 0.54117647 0.42352941 0.64313725
v -0.04152074 -0.18810683 0.13188568 0.54117647 0.42352941 0.64313725
v -0.04724708 -0.18801996 0.13757682 0.54117647 0.42352941 0.64313725
v -0.05297341 -0.18795481 0.13757682 0.54117647 0.42352941 0.64313725
v -0.05868109 -0.18808511 0.13188568 0.54117647 0.42352941 0.64313725
v -0.05297341 -0.18830227 0.11471524 0.54117647 0.42352941 0.64313725
v -0.06440742 -0.18741190 0.12616220 0.54117647 0.42352941 0.64313725
v -0.05868109 -0.18799824 0.12043872 0.54117647 0.42352941 0.64313725
v -0.02436040 -0.18732504 -0.02251894 0.54117647 0.42352941 0.64313725
v -0.01865272 -0.18775936 -0.02251894 0.54117647 0.42352941 0.64313725
v -0.01865272 -0.18760735 -0.02824242 0.54117647 0.42352941 0.64313725
v 0.03848005 -0.18647808 -0.02772504 0.54117647 0.42352941 0.64313725
v 0.03297754 -0.18665181 -0.03409523 0.54117647 0.42352941 0.64313725
v 0.03654018 -0.18632606 -0.03225210 0.54117647 0.42352941 0.64313725
v 0.02706468 -0.18660838 -0.03981872 0.54117647 0.42352941 0.64313725
v 0.03118690 -0.18636950 -0.03797557 0.54117647 0.42352941 0.64313725
v 0.02137566 -0.18647808 -0.04408707 0.54117647 0.42352941 0.64313725
v 0.02512482 -0.18628263 -0.04308467 0.54117647 0.42352941 0.64313725
v 0.01732806 -0.18602203 -0.04787040 0.54117647 0.42352941 0.64313725
v -0.01865272 -0.18734675 -0.03396589 0.54117647 0.42352941 0.64313725
v -0.01865272 -0.18680382 -0.03968937 0.54117647 0.42352941 0.64313725
v -0.02152521 -0.18617405 -0.04256729 0.54117647 0.42352941 0.64313725
v -0.01865272 -0.18630435 -0.04331100 0.54117647 0.42352941 0.64313725
v -0.00992332 -0.18615233 -0.04822609 0.54117647 0.42352941 0.64313725
v -0.00770367 -0.18563114 -0.05078064 0.54117647 0.42352941 0.64313725
v -0.00151102 -0.18556599 -0.05184774 0.54117647 0.42352941 0.64313725
v 0.00421531 -0.18556599 -0.05191241 0.54117647 0.42352941 0.64313725
v 0.00992299 -0.18552256 -0.05162137 0.54117647 0.42352941 0.64313725
v 0.01564932 -0.18361151 -0.05685982 0.54117647 0.42352941 0.64313725
v 0.01551876 -0.18543569 -0.05065129 0.54117647 0.42352941 0.64313725
v 0.04144581 -0.18617405 -0.02549386 0.54117647 0.42352941 0.64313725
v 0.04194943 -0.18628263 -0.02251894 0.54117647 0.42352941 0.64313725
v 0.04275148 -0.18643464 -0.01679546 0.54117647 0.42352941 0.64313725
v 0.04310588 -0.18647808 -0.01107197 0.54117647 0.42352941 0.64313725
v 0.04297531 -0.18643464 -0.00538084 0.54117647 0.42352941 0.64313725
v 0.04241573 -0.18632606 0.00034265 0.54117647 0.42352941 0.64313725
v 0.03853601 -0.18680382 0.00034265 0.54117647 0.42352941 0.64313725
v 0.03280967 -0.18734675 0.00034265 0.54117647 0.42352941 0.64313725
v 0.02708334 -0.18773765 0.00034265 0.54117647 0.42352941 0.64313725
v -0.03581306 -0.18782451 0.12616220 0.54117647 0.42352941 0.64313725
v -0.03581306 -0.18749877 0.13188568 0.54117647 0.42352941 0.64313725
v -0.04152074 -0.18767250 0.13757682 0.54117647 0.42352941 0.64313725
v 0.03280967 -0.18710785 0.00606612 0.54117647 0.42352941 0.64313725
v 0.03280967 -0.18682554 0.01178961 0.54117647 0.42352941 0.64313725
v 0.03734224 -0.18636950 0.01178961 0.54117647 0.42352941 0.64313725
v -0.04187514 -0.18667353 0.14352666 0.54117647 0.42352941 0.64313725
v -0.04724708 -0.18697756 0.14330031 0.54117647 0.42352941 0.64313725
v -0.05258171 -0.18676039 0.14359133 0.54117647 0.42352941 0.64313725
v -0.05868109 -0.18749877 0.13757682 0.54117647 0.42352941 0.64313725
v -0.06440742 -0.18730332 0.13188568 0.54117647 0.42352941 0.64313725
v -0.06882807 -0.18656494 0.12616220 0.54117647 0.42352941 0.64313725
v -0.06854829 -0.18647808 0.12043872 0.54117647 0.42352941 0.64313725
v -0.06440742 -0.18723817 0.12043872 0.54117647 0.42352941 0.64313725
v -0.05868109 -0.18760735 0.10899176 0.54117647 0.42352941 0.64313725
v -0.03495505 -0.18641293 -0.01679546 0.54117647 0.42352941 0.64313725
v -0.03008673 -0.18678211 -0.02251894 0.54117647 0.42352941 0.64313725
v -0.02436040 -0.18712959 -0.02824242 0.54117647 0.42352941 0.64313725
v 0.03501067 -0.18597860 -0.03606774 0.54117647 0.42352941 0.64313725
v 0.03853601 -0.18461047 -0.03968937 0.54117647 0.42352941 0.64313725
v 0.03848005 -0.18558770 -0.03409523 0.54117647 0.42352941 0.64313725
v 0.04424368 -0.18434987 -0.03396589 0.54117647 0.42352941 0.64313725
v 0.02894859 -0.18595688 -0.04179123 0.54117647 0.42352941 0.64313725
v 0.03297754 -0.18565285 -0.03981872 0.54117647 0.42352941 0.64313725
v 0.02137566 -0.18578315 -0.04693265 0.54117647 0.42352941 0.64313725
v 0.02137566 -0.18469733 -0.05113635 0.54117647 0.42352941 0.64313725
v 0.02708334 -0.18393726 -0.05113635 0.54117647 0.42352941 0.64313725
v 0.02706468 -0.18547912 -0.04515417 0.54117647 0.42352941 0.64313725
v 0.03280967 -0.18448017 -0.04541286 0.54117647 0.42352941 0.64313725
v -0.02436040 -0.18678211 -0.03396589 0.54117647 0.42352941 0.64313725
v -0.02727019 -0.18617405 -0.03687614 0.54117647 0.42352941 0.64313725
v -0.02380082 -0.18630435 -0.03913966 0.54117647 0.42352941 0.64313725
v -0.03008673 -0.18426300 -0.04541286 0.54117647 0.42352941 0.64313725
v -0.02436040 -0.18387211 -0.05113635 0.54117647 0.42352941 0.64313725
v -0.01865272 -0.18454532 -0.05113635 0.54117647 0.42352941 0.64313725
v -0.01865272 -0.18567457 -0.04618892 0.54117647 0.42352941 0.64313725
v -0.03581306 -0.18430644 -0.03968937 0.54117647 0.42352941 0.64313725
v -0.01294504 -0.18513166 -0.05113635 0.54117647 0.42352941 0.64313725
v -0.01294504 -0.18361151 -0.05685982 0.54117647 0.42352941 0.64313725
v -0.00723736 -0.18398069 -0.05685982 0.54117647 0.42352941 0.64313725
v -0.00151102 -0.18415442 -0.05685982 0.54117647 0.42352941 0.64313725
v 0.00421531 -0.18415442 -0.05685982 0.54117647 0.42352941 0.64313725
v 0.00992299 -0.18398069 -0.05685982 0.54117647 0.42352941 0.64313725
v 0.02137566 -0.18302515 -0.05685982 0.54117647 0.42352941 0.64313725
v 0.00992299 -0.18200448 -0.06255097 0.54117647 0.42352941 0.64313725
v 0.01568663 -0.18139642 -0.06300367 0.54117647 0.42352941 0.64313725
v 0.04370276 -0.18534882 -0.02772504 0.54117647 0.42352941 0.64313725
v 0.04997001 -0.18378524 -0.02824242 0.54117647 0.42352941 0.64313725
v 0.04997001 -0.18434987 -0.02251894 0.54117647 0.42352941 0.64313725
v 0.04997001 -0.18471905 -0.01679546 0.54117647 0.42352941 0.64313725
v 0.05567770 -0.18361151 -0.01107197 0.54117647 0.42352941 0.64313725
v 0.04997001 -0.18495793 -0.01107197 0.54117647 0.42352941 0.64313725
v 0.04997001 -0.18497964 -0.00538084 0.54117647 0.42352941 0.64313725
v 0.04997001 -0.18482763 0.00034265 0.54117647 0.42352941 0.64313725
v 0.04997001 -0.18458875 0.00606612 0.54117647 0.42352941 0.64313725
v 0.04181885 -0.18623920 0.00444932 0.54117647 0.42352941 0.64313725
v 0.03890906 -0.18647808 0.00622780 0.54117647 0.42352941 0.64313725
v -0.03180276 -0.18641293 0.13663908 0.54117647 0.42352941 0.64313725
v -0.03523483 -0.18680382 0.13815888 0.54117647 0.42352941 0.64313725
v 0.03629770 -0.18623920 0.01592862 0.54117647 0.42352941 0.64313725
v 0.03529046 -0.18608718 0.01974428 0.54117647 0.42352941 0.64313725
v 0.04424368 -0.18445845 0.02323657 0.54117647 0.42352941 0.64313725
v 0.04424368 -0.18398069 0.02896006 0.54117647 0.42352941 0.64313725
v -0.03676434 -0.18647808 0.14178051 0.54117647 0.42352941 0.64313725
v -0.04019641 -0.18595688 0.14559617 0.54117647 0.42352941 0.64313725
v -0.04402018 -0.18619576 0.14624289 0.54117647 0.42352941 0.64313725
v -0.04724708 -0.18621748 0.14627522 0.54117647 0.42352941 0.64313725
v -0.05041801 -0.18619576 0.14624289 0.54117647 0.42352941 0.64313725
v -0.05868109 -0.18660838 0.14190985 0.54117647 0.42352941 0.64313725
v -0.05424178 -0.18595688 0.14569317 0.54117647 0.42352941 0.64313725
v -0.06228103 -0.18632606 0.14097211 0.54117647 0.42352941 0.64313725
v -0.06427685 -0.18665181 0.13741514 0.54117647 0.42352941 0.64313725
v -0.06772758 -0.18630435 0.13537798 0.54117647 0.42352941 0.64313725
v -0.06839907 -0.18647808 0.13188568 0.54117647 0.42352941 0.64313725
v -0.07170057 -0.18571800 0.12616220 0.54117647 0.42352941 0.64313725
v -0.07140213 -0.18565285 0.12043872 0.54117647 0.42352941 0.64313725
v -0.06440742 -0.18699927 0.11471524 0.54117647 0.42352941 0.64313725
v -0.06401572 -0.18120097 -0.00538084 0.54117647 0.42352941 0.64313725
v -0.05868109 -0.18265597 -0.00538084 0.54117647 0.42352941 0.64313725
v -0.05297341 -0.18395897 -0.00538084 0.54117647 0.42352941 0.64313725
v -0.03881612 -0.18617405 -0.00897013 0.54117647 0.42352941 0.64313725
v -0.03838711 -0.18608718 -0.01278579 0.54117647 0.42352941 0.64313725
v -0.03404107 -0.18630435 -0.02251894 0.54117647 0.42352941 0.64313725
v -0.03335093 -0.18621748 -0.02626992 0.54117647 0.42352941 0.64313725
v -0.03034787 -0.18647808 -0.02821008 0.54117647 0.42352941 0.64313725
v 0.04424368 -0.18330746 -0.03968937 0.54117647 0.42352941 0.64313725
v 0.03853601 -0.18335090 -0.04541286 0.54117647 0.42352941 0.64313725
v 0.04997001 -0.18289485 -0.03396589 0.54117647 0.42352941 0.64313725
v 0.02708334 -0.18217821 -0.05685982 0.54117647 0.42352941 0.64313725
v 0.03280967 -0.18298172 -0.05113635 0.54117647 0.42352941 0.64313725
v -0.02831474 -0.18630435 -0.03396589 0.54117647 0.42352941 0.64313725
v -0.04152074 -0.18404584 -0.03396589 0.54117647 0.42352941 0.64313725
v -0.03243695 -0.18604375 -0.03008557 0.54117647 0.42352941 0.64313725
v -0.03581306 -0.18328575 -0.04541286 0.54117647 0.42352941 0.64313725
v -0.03008673 -0.18300343 -0.05113635 0.54117647 0.42352941 0.64313725
v -0.02436040 -0.18228679 -0.05685982 0.54117647 0.42352941 0.64313725
v -0.01865272 -0.18304687 -0.05685982 0.54117647 0.42352941 0.64313725
v -0.04152074 -0.18322060 -0.03968937 0.54117647 0.42352941 0.64313725
v -0.01333674 -0.18143985 -0.06310068 0.54117647 0.42352941 0.64313725
v -0.00723736 -0.18206963 -0.06255097 0.54117647 0.42352941 0.64313725
v -0.00151102 -0.18224336 -0.06255097 0.54117647 0.42352941 0.64313725
v 0.00421531 -0.18224336 -0.06255097 0.54117647 0.42352941 0.64313725
v 0.02137566 -0.18124440 -0.06177489 0.54117647 0.42352941 0.64313725
v 0.02708334 -0.18081007 -0.06064313 0.54117647 0.42352941 0.64313725
v 0.00992299 -0.18067978 -0.06597859 0.54117647 0.42352941 0.64313725
v 0.01382137 -0.18054948 -0.06565523 0.54117647 0.42352941 0.64313725
v 0.01762649 -0.18035403 -0.06520252 0.54117647 0.42352941 0.64313725
v 0.05567770 -0.18209134 -0.02824242 0.54117647 0.42352941 0.64313725
v 0.05567770 -0.18282970 -0.02251894 0.54117647 0.42352941 0.64313725
v 0.05567770 -0.18332918 -0.01679546 0.54117647 0.42352941 0.64313725
v 0.06140403 -0.18187418 -0.01107197 0.54117647 0.42352941 0.64313725
v 0.06140403 -0.18202619 -0.00538084 0.54117647 0.42352941 0.64313725
v 0.05567770 -0.18369838 -0.00538084 0.54117647 0.42352941 0.64313725
v 0.05567770 -0.18363323 0.00034265 0.54117647 0.42352941 0.64313725
v 0.05567770 -0.18341605 0.00606612 0.54117647 0.42352941 0.64313725
v 0.04997001 -0.18430644 0.01178961 0.54117647 0.42352941 0.64313725
v 0.04997001 -0.18393726 0.01751308 0.54117647 0.42352941 0.64313725
v 0.04107276 -0.18608718 0.00826499 0.54117647 0.42352941 0.64313725
v -0.03295922 -0.18615233 0.14042240 0.54117647 0.42352941 0.64313725
v 0.04424368 -0.18335090 0.03468353 0.54117647 0.42352941 0.64313725
v 0.04997001 -0.18213478 0.03468353 0.54117647 0.42352941 0.64313725
v 0.04997001 -0.18343776 0.02323657 0.54117647 0.42352941 0.64313725
v 0.04997001 -0.18285142 0.02896006 0.54117647 0.42352941 0.64313725
v -0.03523483 -0.18573972 0.14352666 0.54117647 0.42352941 0.64313725
v -0.03581306 -0.18385039 0.14902379 0.54117647 0.42352941 0.64313725
v -0.04187514 -0.18495793 0.14850641 0.54117647 0.42352941 0.64313725
v -0.03840577 -0.14043905 0.25042962 0.54117647 0.42352941 0.64313725
v -0.04146479 -0.14063450 0.25042962 0.54117647 0.42352941 0.64313725
v -0.04310621 -0.14069965 0.25042962 0.54117647 0.42352941 0.64313725
v -0.04724708 -0.14082994 0.25042962 0.54117647 0.42352941 0.64313725
v -0.04881389 -0.14082994 0.25042962 0.54117647 0.42352941 0.64313725
v -0.05297341 -0.14080823 0.25042962 0.54117647 0.42352941 0.64313725
v -0.05412987 -0.14076480 0.25042962 0.54117647 0.42352941 0.64313725
v -0.05789768 -0.14056935 0.25042962 0.54117647 0.42352941 0.64313725
v -0.06075152 -0.14033046 0.25042962 0.54117647 0.42352941 0.64313725
v -0.05868109 -0.18563114 0.14475543 0.54117647 0.42352941 0.64313725
v -0.06194529 -0.14017845 0.25042962 0.54117647 0.42352941 0.64313725
v -0.06440742 -0.13980927 0.25042962 0.54117647 0.42352941 0.64313725
v -0.06427685 -0.18502308 0.14304162 0.54117647 0.42352941 0.64313725
v -0.06608615 -0.18584830 0.13919363 0.54117647 0.42352941 0.64313725
v -0.06983531 -0.18506651 0.13741514 0.54117647 0.42352941 0.64313725
v -0.07127156 -0.18556599 0.13188568 0.54117647 0.42352941 0.64313725
v -0.07584144 -0.18421957 0.12616220 0.54117647 0.42352941 0.64313725
v -0.07584144 -0.18421957 0.12043872 0.54117647 0.42352941 0.64313725
v -0.07584144 -0.18395897 0.11471524 0.54117647 0.42352941 0.64313725
v -0.06686956 -0.18031060 -0.00538084 0.54117647 0.42352941 0.64313725
v -0.06349345 -0.18102724 -0.01107197 0.54117647 0.42352941 0.64313725
v -0.05868109 -0.18235194 -0.01107197 0.54117647 0.42352941 0.64313725
v -0.05297341 -0.18367666 -0.01107197 0.54117647 0.42352941 0.64313725
v -0.04724708 -0.18441502 -0.01679546 0.54117647 0.42352941 0.64313725
v -0.04724708 -0.18467561 -0.01107197 0.54117647 0.42352941 0.64313725
v -0.04152074 -0.18463218 -0.02824242 0.54117647 0.42352941 0.64313725
v -0.04724708 -0.18408927 -0.02251894 0.54117647 0.42352941 0.64313725
v 0.04476595 -0.18165701 -0.04593024 0.54117647 0.42352941 0.64313725
v 0.05036173 -0.18152672 -0.04004509 0.54117647 0.42352941 0.64313725
v 0.03885310 -0.18152672 -0.05152438 0.54117647 0.42352941 0.64313725
v 0.04319914 -0.18094037 -0.04987523 0.54117647 0.42352941 0.64313725
v 0.05390570 -0.18081007 -0.03836360 0.54117647 0.42352941 0.64313725
v 0.05577096 -0.18115754 -0.03367488 0.54117647 0.42352941 0.64313725
v 0.03034754 -0.18052776 -0.05989940 0.54117647 0.42352941 0.64313725
v 0.03247392 -0.18115754 -0.05689216 0.54117647 0.42352941 0.64313725
v 0.03717437 -0.18081007 -0.05501667 0.54117647 0.42352941 0.64313725
v -0.04724708 -0.18285142 -0.03396589 0.54117647 0.42352941 0.64313725
v -0.04724708 -0.18356808 -0.02824242 0.54117647 0.42352941 0.64313725
v -0.04152074 -0.18206963 -0.04541286 0.54117647 0.42352941 0.64313725
v -0.03581306 -0.18189590 -0.05113635 0.54117647 0.42352941 0.64313725
v -0.03581306 -0.18078836 -0.05508134 0.54117647 0.42352941 0.64313725
v -0.03006808 -0.18126612 -0.05708617 0.54117647 0.42352941 0.64313725
v -0.02816552 -0.18061463 -0.06015809 0.54117647 0.42352941 0.64313725
v -0.02436040 -0.18091866 -0.06096649 0.54117647 0.42352941 0.64313725
v -0.01865272 -0.18128784 -0.06200124 0.54117647 0.42352941 0.64313725
v -0.04724708 -0.18189590 -0.03968937 0.54117647 0.42352941 0.64313725
v -0.01550044 -0.18041918 -0.06536420 0.54117647 0.42352941 0.64313725
v -0.01169532 -0.18057119 -0.06575223 0.54117647 0.42352941 0.64313725
v -0.00723736 -0.18072321 -0.06607559 0.54117647 0.42352941 0.64313725
v -0.00151102 -0.18081007 -0.06630195 0.54117647 0.42352941 0.64313725
v 0.00421531 -0.18078836 -0.06626961 0.54117647 0.42352941 0.64313725
v 0.02137566 -0.18011515 -0.06462047 0.54117647 0.42352941 0.64313725
v 0.02708334 -0.17968080 -0.06352105 0.54117647 0.42352941 0.64313725
v 0.00421531 -0.17955050 -0.06911518 0.54117647 0.42352941 0.64313725
v 0.00992299 -0.17942021 -0.06882415 0.54117647 0.42352941 0.64313725
v 0.01568663 -0.17939849 -0.06785407 0.54117647 0.42352941 0.64313725
v 0.02137566 -0.17852983 -0.06827444 0.54117647 0.42352941 0.64313725
v 0.05957609 -0.18081007 -0.02824242 0.54117647 0.42352941 0.64313725
v 0.06069523 -0.18120097 -0.02251894 0.54117647 0.42352941 0.64313725
v 0.05881132 -0.18052776 -0.03157302 0.54117647 0.42352941 0.64313725
v 0.06188900 -0.18133127 -0.01702181 0.54117647 0.42352941 0.64313725
v 0.06492935 -0.18067978 -0.01107197 0.54117647 0.42352941 0.64313725
v 0.06520915 -0.18078836 -0.00538084 0.54117647 0.42352941 0.64313725
v 0.06457497 -0.18054948 -0.01524333 0.54117647 0.42352941 0.64313725
v 0.06524646 -0.18078836 0.00034265 0.54117647 0.42352941 0.64313725
v 0.06140403 -0.18200448 0.00034265 0.54117647 0.42352941 0.64313725
v 0.06140403 -0.18185246 0.00606612 0.54117647 0.42352941 0.64313725
v 0.06140403 -0.18154843 0.01178961 0.54117647 0.42352941 0.64313725
v 0.05567770 -0.18309030 0.01178961 0.54117647 0.42352941 0.64313725
v 0.05567770 -0.18267769 0.01751308 0.54117647 0.42352941 0.64313725
v -0.02436040 -0.18432815 0.13757682 0.54117647 0.42352941 0.64313725
v -0.03008673 -0.18465390 0.14330031 0.54117647 0.42352941 0.64313725
v 0.05019384 -0.18117925 0.04047167 0.54117647 0.42352941 0.64313725
v 0.05355130 -0.18063634 0.03862853 0.54117647 0.42352941 0.64313725
v 0.05619997 -0.18128784 0.02938041 0.54117647 0.42352941 0.64313725
v 0.05470776 -0.18096209 0.03468353 0.54117647 0.42352941 0.64313725
v 0.05567770 -0.18213478 0.02323657 0.54117647 0.42352941 0.64313725
v -0.02954581 -0.18213478 0.14957350 0.54117647 0.42352941 0.64313725
v -0.02436040 -0.13785478 0.25042962 0.54117647 0.42352941 0.64313725
v -0.02594586 -0.13822396 0.25042962 0.54117647 0.42352941 0.64313725
v -0.03008673 -0.13917949 0.25042962 0.54117647 0.42352941 0.64313725
v -0.03566384 -0.14009158 0.25042962 0.54117647 0.42352941 0.64313725
v -0.03769697 -0.14035218 0.25042962 0.54117647 0.42352941 0.64313725
v -0.07013375 -0.13865829 0.25042962 0.54117647 0.42352941 0.64313725
v -0.07065603 -0.18241709 0.14385002 0.54117647 0.42352941 0.64313725
v -0.07584144 -0.13700784 0.25042962 0.54117647 0.42352941 0.64313725
v -0.07457306 -0.18130955 0.14229789 0.54117647 0.42352941 0.64313725
v -0.07621449 -0.18209134 0.13786785 0.54117647 0.42352941 0.64313725
v -0.07584144 -0.18369838 0.13188568 0.54117647 0.42352941 0.64313725
v -0.08115741 -0.18180903 0.12616220 0.54117647 0.42352941 0.64313725
v -0.08149316 -0.18187418 0.12043872 0.54117647 0.42352941 0.64313725
v -0.08138124 -0.18174388 0.11471524 0.54117647 0.42352941 0.64313725
v -0.07584144 -0.18363323 0.10899176 0.54117647 0.42352941 0.64313725
v -0.07013375 -0.17909446 -0.00538084 0.54117647 0.42352941 0.64313725
v -0.07013375 -0.17874700 -0.01107197 0.54117647 0.42352941 0.64313725
v -0.06634729 -0.18013687 -0.01107197 0.54117647 0.42352941 0.64313725
v -0.06272869 -0.18081007 -0.01679546 0.54117647 0.42352941 0.64313725
v -0.05868109 -0.18193933 -0.01679546 0.54117647 0.42352941 0.64313725
v -0.05297341 -0.18332918 -0.01679546 0.54117647 0.42352941 0.64313725
v -0.05297341 -0.18285142 -0.02251894 0.54117647 0.42352941 0.64313725
v 0.04702292 -0.18041918 -0.04816142 0.54117647 0.42352941 0.64313725
v 0.04872030 -0.18094037 -0.04434576 0.54117647 0.42352941 0.64313725
v 0.05254407 -0.18035403 -0.04217926 0.54117647 0.42352941 0.64313725
v 0.04097948 -0.18035403 -0.05369088 0.54117647 0.42352941 0.64313725
v 0.05577096 -0.17976767 -0.04004509 0.54117647 0.42352941 0.64313725
v 0.05772947 -0.18015858 -0.03538869 0.54117647 0.42352941 0.64313725
v 0.03415265 -0.18013687 -0.05883231 0.54117647 0.42352941 0.64313725
v 0.03247392 -0.17920304 -0.06213059 0.54117647 0.42352941 0.64313725
v 0.03885310 -0.17972424 -0.05689216 0.54117647 0.42352941 0.64313725
v -0.05336511 -0.18128784 -0.03425693 0.54117647 0.42352941 0.64313725
v -0.05297341 -0.18224336 -0.02824242 0.54117647 0.42352941 0.64313725
v -0.04692998 -0.18087522 -0.04499249 0.54117647 0.42352941 0.64313725
v -0.04482224 -0.18054948 -0.04867880 0.54117647 0.42352941 0.64313725
v -0.04103578 -0.18085351 -0.05078064 0.54117647 0.42352941 0.64313725
v -0.03879747 -0.18048433 -0.05407891 0.54117647 0.42352941 0.64313725
v -0.03197064 -0.18026716 -0.05915567 0.54117647 0.42352941 0.64313725
v -0.03006808 -0.17950707 -0.06225993 0.54117647 0.42352941 0.64313725
v -0.02436040 -0.17989797 -0.06381207 0.54117647 0.42352941 0.64313725
v -0.01865272 -0.18022373 -0.06487916 0.54117647 0.42352941 0.64313725
v -0.05149986 -0.18083179 -0.03968937 0.54117647 0.42352941 0.64313725
v -0.05034340 -0.18050604 -0.04282598 0.54117647 0.42352941 0.64313725
v -0.01865272 -0.17881215 -0.06827444 0.54117647 0.42352941 0.64313725
v -0.01333674 -0.17952879 -0.06791875 0.54117647 0.42352941 0.64313725
v -0.00723736 -0.17948536 -0.06895350 0.54117647 0.42352941 0.64313725
v -0.00151102 -0.17957222 -0.06914751 0.54117647 0.42352941 0.64313725
v 0.02708334 -0.17763946 -0.06827444 0.54117647 0.42352941 0.64313725
v -0.00151102 -0.17735715 -0.07399793 0.54117647 0.42352941 0.64313725
v 0.00421531 -0.17731371 -0.07399793 0.54117647 0.42352941 0.64313725
v 0.00992299 -0.17705312 -0.07399793 0.54117647 0.42352941 0.64313725
v 0.01564932 -0.17653192 -0.07399793 0.54117647 0.42352941 0.64313725
v 0.01854047 -0.17472944 -0.07687583 0.54117647 0.42352941 0.64313725
v 0.02081608 -0.17575011 -0.07412727 0.54117647 0.42352941 0.64313725
v 0.06242992 -0.17976767 -0.02824242 0.54117647 0.42352941 0.64313725
v 0.06354907 -0.18018030 -0.02251894 0.54117647 0.42352941 0.64313725
v 0.06410865 -0.18039746 -0.01905898 0.54117647 0.42352941 0.64313725
v 0.06099367 -0.17928991 -0.03367488 0.54117647 0.42352941 0.64313725
v 0.06778321 -0.17959394 -0.01107197 0.54117647 0.42352941 0.64313725
v 0.06806300 -0.17972424 -0.00538084 0.54117647 0.42352941 0.64313725
v 0.06810029 -0.17974595 0.00034265 0.54117647 0.42352941 0.64313725
v 0.06673865 -0.17955050 -0.01702181 0.54117647 0.42352941 0.64313725
v 0.06791378 -0.17970252 0.00606612 0.54117647 0.42352941 0.64313725
v 0.06505993 -0.18072321 0.00606612 0.54117647 0.42352941 0.64313725
v 0.06464958 -0.18057119 0.01178961 0.54117647 0.42352941 0.64313725
v 0.06435113 -0.18046261 0.01499087 0.54117647 0.42352941 0.64313725
v 0.06170247 -0.18107067 0.01712505 0.54117647 0.42352941 0.64313725
v 0.06017296 -0.18091866 0.02323657 0.54117647 0.42352941 0.64313725
v -0.01865272 -0.18374181 0.13188568 0.54117647 0.42352941 0.64313725
v -0.01865272 -0.18254739 0.13757682 0.54117647 0.42352941 0.64313725
v -0.02436040 -0.18298172 0.14330031 0.54117647 0.42352941 0.64313725
v 0.04720944 -0.18048433 0.04913775 0.54117647 0.42352941 0.64313725
v -0.02436040 -0.18126612 0.14789203 0.54117647 0.42352941 0.64313725
v 0.05758025 -0.18015858 0.03468353 0.54117647 0.42352941 0.64313725
v 0.05554713 -0.17968080 0.04047167 0.54117647 0.42352941 0.64313725
v 0.05226428 -0.18028888 0.04244418 0.54117647 0.42352941 0.64313725
v 0.05843828 -0.18041918 0.03157927 0.54117647 0.42352941 0.64313725
v 0.05925898 -0.18065806 0.02776361 0.54117647 0.42352941 0.64313725
v -0.01930555 -0.13609574 0.25042962 0.54117647 0.42352941 0.64313725
v -0.02102159 -0.18065806 0.14659858 0.54117647 0.42352941 0.64313725
v -0.07697924 -0.13657350 0.25042962 0.54117647 0.42352941 0.64313725
v -0.08009421 -0.13535738 0.25042962 0.54117647 0.42352941 0.64313725
v -0.07837818 -0.18024545 0.13993735 0.54117647 0.42352941 0.64313725
v -0.08216465 -0.13429327 0.25042962 0.54117647 0.42352941 0.64313725
v -0.07946003 -0.18091866 0.13612170 0.54117647 0.42352941 0.64313725
v -0.08033670 -0.18143985 0.13188568 0.54117647 0.42352941 0.64313725
v -0.08401125 -0.18015858 0.12616220 0.54117647 0.42352941 0.64313725
v -0.08434700 -0.18039746 0.12043872 0.54117647 0.42352941 0.64313725
v -0.08425374 -0.18033231 0.11471524 0.54117647 0.42352941 0.64313725
v -0.07584144 -0.17653192 -0.00538084 0.54117647 0.42352941 0.64313725
v -0.07584144 -0.17690110 0.00034265 0.54117647 0.42352941 0.64313725
v -0.07621449 -0.17592385 -0.01074861 0.54117647 0.42352941 0.64313725
v -0.07013375 -0.17822580 -0.01679546 0.54117647 0.42352941 0.64313725
v -0.06560118 -0.17989797 -0.01679546 0.54117647 0.42352941 0.64313725
v -0.06205720 -0.18059291 -0.02112848 0.54117647 0.42352941 0.64313725
v -0.05914740 -0.18124440 -0.02280995 0.54117647 0.42352941 0.64313725
v 0.05036173 -0.17998483 -0.04593024 0.54117647 0.42352941 0.64313725
v 0.04476595 -0.17998483 -0.05152438 0.54117647 0.42352941 0.64313725
v 0.04997001 -0.17852983 -0.05113635 0.54117647 0.42352941 0.64313725
v 0.05567770 -0.17835610 -0.04541286 0.54117647 0.42352941 0.64313725
v 0.04424368 -0.17829095 -0.05685982 0.54117647 0.42352941 0.64313725
v 0.06140403 -0.17776976 -0.03968937 0.54117647 0.42352941 0.64313725
v 0.03853601 -0.17763946 -0.06255097 0.54117647 0.42352941 0.64313725
v 0.03308946 -0.17618444 -0.06869481 0.54117647 0.42352941 0.64313725
v -0.05661066 -0.18067978 -0.03251078 0.54117647 0.42352941 0.64313725
v -0.05552881 -0.18035403 -0.03632643 0.54117647 0.42352941 0.64313725
v -0.05771115 -0.18098381 -0.02824242 0.54117647 0.42352941 0.64313725
v -0.04862736 -0.18002828 -0.04664163 0.54117647 0.42352941 0.64313725
v -0.04692998 -0.17935506 -0.05078064 0.54117647 0.42352941 0.64313725
v -0.04262124 -0.18000657 -0.05249446 0.54117647 0.42352941 0.64313725
v -0.04103578 -0.17918133 -0.05634244 0.54117647 0.42352941 0.64313725
v -0.03581306 -0.17985453 -0.05792691 0.54117647 0.42352941 0.64313725
v -0.03581306 -0.17818237 -0.06255097 0.54117647 0.42352941 0.64313725
v -0.03008673 -0.17709655 -0.06827444 0.54117647 0.42352941 0.64313725
v -0.02436040 -0.17807379 -0.06827444 0.54117647 0.42352941 0.64313725
v -0.05435370 -0.18000657 -0.03968937 0.54117647 0.42352941 0.64313725
v -0.05254440 -0.17931162 -0.04499249 0.54117647 0.42352941 0.64313725
v -0.01855945 -0.17596728 -0.07435362 0.54117647 0.42352941 0.64313725
v -0.01294504 -0.17679252 -0.07399793 0.54117647 0.42352941 0.64313725
v -0.00723736 -0.17718341 -0.07399793 0.54117647 0.42352941 0.64313725
v 0.02708334 -0.17555467 -0.07238111 0.54117647 0.42352941 0.64313725
v 0.03135478 -0.17509862 -0.07163738 0.54117647 0.42352941 0.64313725
v -0.00723736 -0.17527235 -0.07752255 0.54117647 0.42352941 0.64313725
v -0.00151102 -0.17535922 -0.07765190 0.54117647 0.42352941 0.64313725
v 0.00421531 -0.17533750 -0.07758722 0.54117647 0.42352941 0.64313725
v 0.00992299 -0.17520720 -0.07742553 0.54117647 0.42352941 0.64313725
v 0.01564932 -0.17492489 -0.07706985 0.54117647 0.42352941 0.64313725
v 0.00992299 -0.17186286 -0.07862198 0.54117647 0.42352941 0.64313725
v 0.01564932 -0.17186286 -0.07784591 0.54117647 0.42352941 0.64313725
v 0.01937983 -0.17186286 -0.07710220 0.54117647 0.42352941 0.64313725
v 0.02223367 -0.17186286 -0.07613210 0.54117647 0.42352941 0.64313725
v 0.02708334 -0.17186286 -0.07438596 0.54117647 0.42352941 0.64313725
v 0.03517855 -0.17386079 -0.07086132 0.54117647 0.42352941 0.64313725
v 0.06713037 -0.17787834 -0.02824242 0.54117647 0.42352941 0.64313725
v 0.06713037 -0.17874700 -0.02251894 0.54117647 0.42352941 0.64313725
v 0.06713037 -0.17672737 -0.03396589 0.54117647 0.42352941 0.64313725
v 0.07283804 -0.17746573 -0.01107197 0.54117647 0.42352941 0.64313725
v 0.07283804 -0.17774804 -0.00538084 0.54117647 0.42352941 0.64313725
v 0.07283804 -0.17783491 0.00034265 0.54117647 0.42352941 0.64313725
v 0.07283804 -0.17772633 0.00606612 0.54117647 0.42352941 0.64313725
v 0.07283804 -0.17698797 -0.01679546 0.54117647 0.42352941 0.64313725
v 0.07283804 -0.17744401 0.01178961 0.54117647 0.42352941 0.64313725
v 0.06750342 -0.17955050 0.01178961 0.54117647 0.42352941 0.64313725
v 0.06660810 -0.17946364 0.01712505 0.54117647 0.42352941 0.64313725
v 0.06379156 -0.18028888 0.01880652 0.54117647 0.42352941 0.64313725
v 0.06302680 -0.18005000 0.02323657 0.54117647 0.42352941 0.64313725
v -0.01451185 -0.18098381 0.13757682 0.54117647 0.42352941 0.64313725
v -0.01557504 -0.18054948 0.14071342 0.54117647 0.42352941 0.64313725
v 0.05567770 -0.17837782 0.04609815 0.54117647 0.42352941 0.64313725
v 0.06140403 -0.17772633 0.04037468 0.54117647 0.42352941 0.64313725
v -0.01893250 -0.18113582 0.14291227 0.54117647 0.42352941 0.64313725
v 0.06140403 -0.17889901 0.03468353 0.54117647 0.42352941 0.64313725
v 0.06127346 -0.17981110 0.02938041 0.54117647 0.42352941 0.64313725
v -0.01820505 -0.13570484 0.25042962 0.54117647 0.42352941 0.64313725
v -0.01721647 -0.17974595 0.14452907 0.54117647 0.42352941 0.64313725
v -0.01578022 -0.13468417 0.25042962 0.54117647 0.42352941 0.64313725
v -0.01706725 -0.13524880 0.25042962 0.54117647 0.42352941 0.64313725
v -0.01764548 -0.13548768 0.25042962 0.54117647 0.42352941 0.64313725
v -0.08294806 -0.13388066 0.25042962 0.54117647 0.42352941 0.64313725
v -0.08397395 -0.13309886 0.25042962 0.54117647 0.42352941 0.64313725
v -0.08667856 -0.13101407 0.25042962 0.54117647 0.42352941 0.64313725
v -0.08143720 -0.17870356 0.13786785 0.54117647 0.42352941 0.64313725
v -0.08320919 -0.17955050 0.13188568 0.54117647 0.42352941 0.64313725
v -0.09040908 -0.17501176 0.12464241 0.54117647 0.42352941 0.64313725
v -0.08729410 -0.17809550 0.12043872 0.54117647 0.42352941 0.64313725
v -0.08777907 -0.17696625 0.12638855 0.54117647 0.42352941 0.64313725
v -0.08729410 -0.17809550 0.11471524 0.54117647 0.42352941 0.64313725
v -0.08729410 -0.17768289 0.10899176 0.54117647 0.42352941 0.64313725
v -0.07875123 -0.17477287 -0.00861443 0.54117647 0.42352941 0.64313725
v -0.07494611 -0.17590213 -0.01679546 0.54117647 0.42352941 0.64313725
v -0.07013375 -0.17753088 -0.02251894 0.54117647 0.42352941 0.64313725
v -0.06414628 -0.17972424 -0.02280995 0.54117647 0.42352941 0.64313725
v -0.06136706 -0.18039746 -0.02494414 0.54117647 0.42352941 0.64313725
v 0.05026845 -0.17622788 -0.05718318 0.54117647 0.42352941 0.64313725
v 0.05439067 -0.17538093 -0.05550171 0.54117647 0.42352941 0.64313725
v 0.05605075 -0.17624959 -0.05145971 0.54117647 0.42352941 0.64313725
v 0.06155325 -0.17601071 -0.04544520 0.54117647 0.42352941 0.64313725
v 0.04416907 -0.17594556 -0.06264798 0.54117647 0.42352941 0.64313725
v 0.06692519 -0.17551123 -0.03913966 0.54117647 0.42352941 0.64313725
v 0.07000285 -0.17475116 -0.03687614 0.54117647 0.42352941 0.64313725
v 0.06487341 -0.17512034 -0.04353737 0.54117647 0.42352941 0.64313725
v 0.03853601 -0.17559810 -0.06701334 0.54117647 0.42352941 0.64313725
v 0.04221055 -0.17507690 -0.06591391 0.54117647 0.42352941 0.64313725
v -0.05858783 -0.17976767 -0.03425693 0.54117647 0.42352941 0.64313725
v -0.06058365 -0.18013687 -0.02824242 0.54117647 0.42352941 0.64313725
v -0.05868109 -0.17863842 -0.03968937 0.54117647 0.42352941 0.64313725
v -0.05297341 -0.17746573 -0.05113635 0.54117647 0.42352941 0.64313725
v -0.04724708 -0.17735715 -0.05685982 0.54117647 0.42352941 0.64313725
v -0.04152074 -0.17677080 -0.06255097 0.54117647 0.42352941 0.64313725
v -0.03549597 -0.17577183 -0.06827444 0.54117647 0.42352941 0.64313725
v -0.03338823 -0.17490317 -0.07134636 0.54117647 0.42352941 0.64313725
v -0.03008673 -0.17525064 -0.07189607 0.54117647 0.42352941 0.64313725
v -0.02436040 -0.17575011 -0.07289851 0.54117647 0.42352941 0.64313725
v -0.05868109 -0.17720513 -0.04541286 0.54117647 0.42352941 0.64313725
v -0.01660094 -0.17488146 -0.07703750 0.54117647 0.42352941 0.64313725
v -0.01294504 -0.17507690 -0.07726386 0.54117647 0.42352941 0.64313725
v -0.00723736 -0.17186286 -0.07888066 0.54117647 0.42352941 0.64313725
v -0.00151102 -0.17186286 -0.07917170 0.54117647 0.42352941 0.64313725
v 0.00421531 -0.17186286 -0.07907468 0.54117647 0.42352941 0.64313725
v 0.00421531 -0.16615142 -0.07978607 0.54117647 0.42352941 0.64313725
v 0.00992299 -0.16615142 -0.07923634 0.54117647 0.42352941 0.64313725
v 0.01564932 -0.16615142 -0.07836329 0.54117647 0.42352941 0.64313725
v 0.02014459 -0.16615142 -0.07732854 0.54117647 0.42352941 0.64313725
v 0.02299843 -0.16615142 -0.07648780 0.54117647 0.42352941 0.64313725
v 0.02708334 -0.16615142 -0.07512969 0.54117647 0.42352941 0.64313725
v 0.03596195 -0.17003868 -0.07131402 0.54117647 0.42352941 0.64313725
v 0.03308946 -0.17190629 -0.07212242 0.54117647 0.42352941 0.64313725
v 0.03812565 -0.17190629 -0.06956788 0.54117647 0.42352941 0.64313725
v 0.04314318 -0.17186286 -0.06652830 0.54117647 0.42352941 0.64313725
v 0.07168159 -0.17570668 -0.02824242 0.54117647 0.42352941 0.64313725
v 0.07321110 -0.17601071 -0.02258362 0.54117647 0.42352941 0.64313725
v 0.07052513 -0.17509862 -0.03396589 0.54117647 0.42352941 0.64313725
v 0.07628877 -0.17520720 -0.01679546 0.54117647 0.42352941 0.64313725
v 0.07668046 -0.17546780 -0.01107197 0.54117647 0.42352941 0.64313725
v 0.07697892 -0.17561982 -0.00538084 0.54117647 0.42352941 0.64313725
v 0.07707218 -0.17566325 0.00034265 0.54117647 0.42352941 0.64313725
v 0.07696025 -0.17561982 0.00606612 0.54117647 0.42352941 0.64313725
v 0.07595301 -0.17494661 -0.02070813 0.54117647 0.42352941 0.64313725
v 0.07668046 -0.17546780 0.01178961 0.54117647 0.42352941 0.64313725
v 0.07627012 -0.17520720 0.01751308 0.54117647 0.42352941 0.64313725
v 0.07283804 -0.17694453 0.01751308 0.54117647 0.42352941 0.64313725
v 0.06713037 -0.17859498 0.02323657 0.54117647 0.42352941 0.64313725
v 0.06151594 -0.17603243 0.04609815 0.54117647 0.42352941 0.64313725
v 0.06483610 -0.17512034 0.04419033 0.54117647 0.42352941 0.64313725
v 0.05314095 -0.17494661 0.06084340 0.54117647 0.42352941 0.64313725
v 0.06767128 -0.17629302 0.03520090 0.54117647 0.42352941 0.64313725
v 0.06608581 -0.17568496 0.04037468 0.54117647 0.42352941 0.64313725
v 0.06713037 -0.17779147 0.02896006 0.54117647 0.42352941 0.64313725
v -0.01395227 -0.13331603 0.25042962 0.54117647 0.42352941 0.64313725
v -0.08874900 -0.12871212 0.25042962 0.54117647 0.42352941 0.64313725
v -0.09001738 -0.17431683 0.12845806 0.54117647 0.42352941 0.64313725
v -0.08656665 -0.17668394 0.13188568 0.54117647 0.42352941 0.64313725
v -0.08531693 -0.17557638 0.13757682 0.54117647 0.42352941 0.64313725
v -0.09193859 -0.17186286 0.12043872 0.54117647 0.42352941 0.64313725
v -0.09067021 -0.17527235 0.12043872 0.54117647 0.42352941 0.64313725
v -0.08953240 -0.12777831 0.25042962 0.54117647 0.42352941 0.64313725
v -0.09080078 -0.12491173 0.25042962 0.54117647 0.42352941 0.64313725
v -0.10003379 -0.10895008 0.21767321 0.54117647 0.42352941 0.64313725
v -0.09072617 -0.17533750 0.11471524 0.54117647 0.42352941 0.64313725
v -0.09053964 -0.17514205 0.10899176 0.54117647 0.42352941 0.64313725
v -0.08455218 -0.17483802 0.04742392 0.54117647 0.42352941 0.64313725
v -0.08438430 -0.17457743 0.04360828 0.54117647 0.42352941 0.64313725
v -0.09022255 -0.16940890 0.08832903 0.54117647 0.42352941 0.64313725
v -0.08451487 -0.16969121 0.03665602 0.54117647 0.42352941 0.64313725
v -0.07955329 -0.17186286 -0.00538084 0.54117647 0.42352941 0.64313725
v -0.07895641 -0.17151539 -0.01074861 0.54117647 0.42352941 0.64313725
v -0.07837818 -0.17320929 -0.01243008 0.54117647 0.42352941 0.64313725
v -0.07291299 -0.17449056 -0.03095866 0.54117647 0.42352941 0.64313725
v -0.07349121 -0.17512034 -0.02714299 0.54117647 0.42352941 0.64313725
v -0.07414405 -0.17553295 -0.02251894 0.54117647 0.42352941 0.64313725
v -0.07065603 -0.17622788 -0.02872746 0.54117647 0.42352941 0.64313725
v -0.06440742 -0.17885558 -0.02824242 0.54117647 0.42352941 0.64313725
v 0.04857108 -0.17529407 -0.06077247 0.54117647 0.42352941 0.64313725
v 0.05819580 -0.17377392 -0.05359388 0.54117647 0.42352941 0.64313725
v 0.05972531 -0.17531579 -0.04981056 0.54117647 0.42352941 0.64313725
v 0.05237620 -0.17351332 -0.05931735 0.54117647 0.42352941 0.64313725
v 0.06362368 -0.17186286 -0.04745003 0.54117647 0.42352941 0.64313725
v 0.06558219 -0.17186286 -0.04457213 0.54117647 0.42352941 0.64313725
v 0.06845469 -0.17186286 -0.04017443 0.54117647 0.42352941 0.64313725
v 0.07026399 -0.17186286 -0.03732885 0.54117647 0.42352941 0.64313725
v 0.07173754 -0.17186286 -0.03396589 0.54117647 0.42352941 0.64313725
v 0.07576650 -0.16951748 -0.02555853 0.54117647 0.42352941 0.64313725
v 0.07535614 -0.17331787 -0.02452378 0.54117647 0.42352941 0.64313725
v 0.04599702 -0.17186286 -0.06458814 0.54117647 0.42352941 0.64313725
v -0.06440742 -0.17783491 -0.03396589 0.54117647 0.42352941 0.64313725
v -0.06483643 -0.17620616 -0.04004509 0.54117647 0.42352941 0.64313725
v -0.05841995 -0.17559810 -0.05078064 0.54117647 0.42352941 0.64313725
v -0.05633087 -0.17503347 -0.05449929 0.54117647 0.42352941 0.64313725
v -0.05267497 -0.17561982 -0.05660113 0.54117647 0.42352941 0.64313725
v -0.05056723 -0.17499004 -0.06009342 0.54117647 0.42352941 0.64313725
v -0.04668750 -0.17538093 -0.06222759 0.54117647 0.42352941 0.64313725
v -0.04441189 -0.17472944 -0.06542887 0.54117647 0.42352941 0.64313725
v -0.04152074 -0.17516377 -0.06617260 0.54117647 0.42352941 0.64313725
v -0.03417164 -0.17186286 -0.07170206 0.54117647 0.42352941 0.64313725
v -0.03008673 -0.17186286 -0.07331887 0.54117647 0.42352941 0.64313725
v -0.02391273 -0.17160226 -0.07564706 0.54117647 0.42352941 0.64313725
v -0.02042471 -0.17331787 -0.07648780 0.54117647 0.42352941 0.64313725
v -0.06300848 -0.17546780 -0.04541286 0.54117647 0.42352941 0.64313725
v -0.06185202 -0.17494661 -0.04864646 0.54117647 0.42352941 0.64313725
v -0.01855945 -0.17160226 -0.07729618 0.54117647 0.42352941 0.64313725
v -0.01294504 -0.17186286 -0.07823394 0.54117647 0.42352941 0.64313725
v -0.00723736 -0.16615142 -0.07955974 0.54117647 0.42352941 0.64313725
v -0.00151102 -0.16615142 -0.07991542 0.54117647 0.42352941 0.64313725
v 0.00421531 -0.00030230 -0.07978607 0.54117647 0.42352941 0.64313725
v 0.00992299 0.01114230 -0.07923634 0.54117647 0.42352941 0.64313725
v 0.01564932 0.01114230 -0.07829862 0.54117647 0.42352941 0.64313725
v 0.02008863 0.01114230 -0.07726386 0.54117647 0.42352941 0.64313725
v 0.02296112 0.01114230 -0.07652014 0.54117647 0.42352941 0.64313725
v 0.02708334 -0.15470680 -0.07512969 0.54117647 0.42352941 0.64313725
v 0.03280967 -0.16615142 -0.07286617 0.54117647 0.42352941 0.64313725
v 0.03607387 -0.16615142 -0.07134636 0.54117647 0.42352941 0.64313725
v 0.03892771 -0.16615142 -0.06976190 0.54117647 0.42352941 0.64313725
v 0.04364680 -0.16615142 -0.06688399 0.54117647 0.42352941 0.64313725
v 0.04650064 -0.16615142 -0.06500851 0.54117647 0.42352941 0.64313725
v 0.07845246 -0.17186286 -0.01107197 0.54117647 0.42352941 0.64313725
v 0.07901205 -0.17186286 -0.00538084 0.54117647 0.42352941 0.64313725
v 0.07919856 -0.17186286 0.00034265 0.54117647 0.42352941 0.64313725
v 0.07899338 -0.17186286 0.00606612 0.54117647 0.42352941 0.64313725
v 0.07627012 -0.17160226 -0.02258362 0.54117647 0.42352941 0.64313725
v 0.07755713 -0.17186286 -0.01679546 0.54117647 0.42352941 0.64313725
v 0.07841515 -0.17186286 0.01178961 0.54117647 0.42352941 0.64313725
v 0.07593437 -0.17492489 0.02129641 0.54117647 0.42352941 0.64313725
v 0.07317379 -0.17596728 0.02320423 0.54117647 0.42352941 0.64313725
v 0.06994691 -0.17457743 0.03743209 0.54117647 0.42352941 0.64313725
v 0.07160697 -0.17570668 0.02896006 0.54117647 0.42352941 0.64313725
v 0.07065569 -0.17520720 0.03361644 0.54117647 0.42352941 0.64313725
v -0.01339270 -0.13288170 0.25042962 0.54117647 0.42352941 0.64313725
v -0.09210646 -0.17186286 0.11471524 0.54117647 0.42352941 0.64313725
v -0.11040461 -0.07465969 0.21767321 0.54117647 0.42352941 0.64313725
v -0.09149092 -0.12154567 0.25042962 0.54117647 0.42352941 0.64313725
v -0.10868857 -0.07303095 0.22763271 0.54117647 0.42352941 0.64313725
v -0.10930411 -0.07481170 0.22313800 0.54117647 0.42352941 0.64313725
v -0.09175206 -0.17186286 0.10899176 0.54117647 0.42352941 0.64313725
v -0.09027851 -0.17488146 0.10326828 0.54117647 0.42352941 0.64313725
v -0.09014794 -0.17472944 0.10029336 0.54117647 0.42352941 0.64313725
v -0.08994277 -0.17416481 0.09647771 0.54117647 0.42352941 0.64313725
v -0.09061425 -0.17210174 0.09802984 0.54117647 0.42352941 0.64313725
v -0.09040908 -0.17032099 0.09182132 0.54117647 0.42352941 0.64313725
v -0.09242355 -0.16615142 0.10899176 0.54117647 0.42352941 0.64313725
v -0.11053518 -0.07465969 0.21194973 0.54117647 0.42352941 0.64313725
v -0.08000095 -0.16615142 -0.00538084 0.54117647 0.42352941 0.64313725
v -0.07875123 -0.16938718 -0.01414391 0.54117647 0.42352941 0.64313725
v -0.07774400 -0.17151539 -0.01637509 0.54117647 0.42352941 0.64313725
v -0.07599065 -0.17186286 -0.02251894 0.54117647 0.42352941 0.64313725
v -0.07401348 -0.17229719 -0.02872746 0.54117647 0.42352941 0.64313725
v -0.07324873 -0.17066845 -0.03167005 0.54117647 0.42352941 0.64313725
v -0.06854829 -0.17192801 -0.04004509 0.54117647 0.42352941 0.64313725
v -0.06701878 -0.17388250 -0.04217926 0.54117647 0.42352941 0.64313725
v -0.06798871 -0.17520720 -0.03836360 0.54117647 0.42352941 0.64313725
v -0.06918248 -0.17575011 -0.03396589 0.54117647 0.42352941 0.64313725
v 0.05558444 -0.17173256 -0.05673048 0.54117647 0.42352941 0.64313725
v 0.05871807 -0.16995181 -0.05417593 0.54117647 0.42352941 0.64313725
v 0.06041544 -0.17186286 -0.05145971 0.54117647 0.42352941 0.64313725
v 0.05026845 -0.17171084 -0.06138686 0.54117647 0.42352941 0.64313725
v 0.05295443 -0.16971293 -0.05983473 0.54117647 0.42352941 0.64313725
v 0.06403404 -0.16615142 -0.04796740 0.54117647 0.42352941 0.64313725
v 0.06599256 -0.16615142 -0.04508950 0.54117647 0.42352941 0.64313725
v 0.06884639 -0.16615142 -0.04059478 0.54117647 0.42352941 0.64313725
v 0.07048782 -0.16615142 -0.03774921 0.54117647 0.42352941 0.64313725
v 0.07237173 -0.16615142 -0.03396589 0.54117647 0.42352941 0.64313725
v 0.07472194 -0.16615142 -0.02846877 0.54117647 0.42352941 0.64313725
v 0.07578515 -0.16615142 -0.02562320 0.54117647 0.42352941 0.64313725
v 0.07671778 -0.16615142 -0.02251894 0.54117647 0.42352941 0.64313725
v 0.07820997 -0.16615142 -0.01679546 0.54117647 0.42352941 0.64313725
v -0.05700236 -0.17186286 -0.05521068 0.54117647 0.42352941 0.64313725
v -0.05409256 -0.17186286 -0.05805625 0.54117647 0.42352941 0.64313725
v -0.05122007 -0.17186286 -0.06064313 0.54117647 0.42352941 0.64313725
v -0.04480359 -0.17186286 -0.06571990 0.54117647 0.42352941 0.64313725
v -0.04152074 -0.17186286 -0.06759539 0.54117647 0.42352941 0.64313725
v -0.03702548 -0.17186286 -0.07014993 0.54117647 0.42352941 0.64313725
v -0.04765743 -0.17186286 -0.06348871 0.54117647 0.42352941 0.64313725
v -0.03754775 -0.16615142 -0.07057030 0.54117647 0.42352941 0.64313725
v -0.03469391 -0.16615142 -0.07199308 0.54117647 0.42352941 0.64313725
v -0.03008673 -0.16615142 -0.07399793 0.54117647 0.42352941 0.64313725
v -0.02171173 -0.16951748 -0.07694050 0.54117647 0.42352941 0.64313725
v -0.06233699 -0.17186286 -0.04926084 0.54117647 0.42352941 0.64313725
v -0.05987485 -0.17186286 -0.05210643 0.54117647 0.42352941 0.64313725
v -0.01294504 -0.16615142 -0.07884831 0.54117647 0.42352941 0.64313725
v -0.00723736 0.01114230 -0.07949503 0.54117647 0.42352941 0.64313725
v -0.01294504 -0.15470680 -0.07884831 0.54117647 0.42352941 0.64313725
v -0.01294504 0.01114230 -0.07881599 0.54117647 0.42352941 0.64313725
v -0.00151102 0.01114230 -0.07985074 0.54117647 0.42352941 0.64313725
v 0.00421531 0.01114230 -0.07972140 0.54117647 0.42352941 0.64313725
v 0.00992299 0.01685376 -0.07842796 0.54117647 0.42352941 0.64313725
v 0.01570528 0.01715779 -0.07755487 0.54117647 0.42352941 0.64313725
v 0.01960367 0.01544217 -0.07716684 0.54117647 0.42352941 0.64313725
v 0.02708334 0.01114230 -0.07509735 0.54117647 0.42352941 0.64313725
v 0.03280967 0.01114230 -0.07280150 0.54117647 0.42352941 0.64313725
v 0.03603656 0.01114230 -0.07134636 0.54117647 0.42352941 0.64313725
v 0.03889040 0.01114230 -0.06972956 0.54117647 0.42352941 0.64313725
v 0.04366545 0.01114230 -0.06688399 0.54117647 0.42352941 0.64313725
v 0.04653795 0.01114230 -0.06504084 0.54117647 0.42352941 0.64313725
v 0.04997001 -0.16615142 -0.06232460 0.54117647 0.42352941 0.64313725
v 0.07923587 -0.16615142 -0.01107197 0.54117647 0.42352941 0.64313725
v 0.07979544 -0.16615142 -0.00538084 0.54117647 0.42352941 0.64313725
v 0.07998197 -0.16615142 0.00034265 0.54117647 0.42352941 0.64313725
v 0.07975814 -0.16615142 0.00606612 0.54117647 0.42352941 0.64313725
v 0.07916127 -0.16615142 0.01178961 0.54117647 0.42352941 0.64313725
v 0.07748252 -0.17186286 0.01751308 0.54117647 0.42352941 0.64313725
v 0.07621416 -0.17134166 0.02320423 0.54117647 0.42352941 0.64313725
v 0.07530017 -0.17290526 0.02511206 0.54117647 0.42352941 0.64313725
v 0.07571054 -0.16908314 0.02611447 0.54117647 0.42352941 0.64313725
v -0.00738658 -0.12454255 0.25042962 0.54117647 0.42352941 0.64313725
v -0.00772232 -0.12610614 0.25042962 0.54117647 0.42352941 0.64313725
v -0.00899070 -0.12871212 0.25042962 0.54117647 0.42352941 0.64313725
v -0.00947566 -0.12968936 0.25042962 0.54117647 0.42352941 0.64313725
v -0.01042694 -0.13047116 0.25042962 0.54117647 0.42352941 0.64313725
v -0.11008752 -0.06892652 0.22339669 0.54117647 0.42352941 0.64313725
v -0.11038596 -0.04032586 0.21767321 0.54117647 0.42352941 0.64313725
v -0.09165880 -0.12039469 0.25042962 0.54117647 0.42352941 0.64313725
v -0.09197589 -0.11624683 0.25042962 0.54117647 0.42352941 0.64313725
v -0.09223703 -0.11051367 0.25042962 0.54117647 0.42352941 0.64313725
v -0.10872588 -0.06892652 0.22779439 0.54117647 0.42352941 0.64313725
v -0.11051653 -0.04032586 0.21194973 0.54117647 0.42352941 0.64313725
v -0.11010617 -0.04605902 0.20622625 0.54117647 0.42352941 0.64313725
v -0.07925485 -0.16615142 -0.01107197 0.54117647 0.42352941 0.64313725
v -0.07875123 -0.16615142 -0.01417624 0.54117647 0.42352941 0.64313725
v -0.07811704 -0.16615142 -0.01702181 0.54117647 0.42352941 0.64313725
v -0.07671810 -0.16615142 -0.02251894 0.54117647 0.42352941 0.64313725
v -0.07334199 -0.16615142 -0.03189638 0.54117647 0.42352941 0.64313725
v -0.07199901 -0.16615142 -0.03477430 0.54117647 0.42352941 0.64313725
v -0.06940630 -0.16615142 -0.03968937 0.54117647 0.42352941 0.64313725
v -0.06742913 -0.17006039 -0.04279363 0.54117647 0.42352941 0.64313725
v -0.07479689 -0.16615142 -0.02824242 0.54117647 0.42352941 0.64313725
v -0.06545196 -0.17192801 -0.04499249 0.54117647 0.42352941 0.64313725
v 0.05881132 -0.16615142 -0.05427292 0.54117647 0.42352941 0.64313725
v 0.06144133 -0.16615142 -0.05113635 0.54117647 0.42352941 0.64313725
v 0.05302904 -0.16615142 -0.05989940 0.54117647 0.42352941 0.64313725
v 0.06405269 -0.00030230 -0.04796740 0.54117647 0.42352941 0.64313725
v 0.06595526 0.01114230 -0.04508950 0.54117647 0.42352941 0.64313725
v 0.06882774 0.01114230 -0.04062713 0.54117647 0.42352941 0.64313725
v 0.06405269 0.01114230 -0.04796740 0.54117647 0.42352941 0.64313725
v 0.07052513 -0.00030230 -0.03774921 0.54117647 0.42352941 0.64313725
v 0.07237173 -0.15470680 -0.03396589 0.54117647 0.42352941 0.64313725
v 0.07466600 0.01114230 -0.02856578 0.54117647 0.42352941 0.64313725
v 0.07582246 0.01114230 -0.02568787 0.54117647 0.42352941 0.64313725
v 0.07582246 -0.00030230 -0.02568787 0.54117647 0.42352941 0.64313725
v 0.07671778 0.01114230 -0.02251894 0.54117647 0.42352941 0.64313725
v 0.07820997 -0.15470680 -0.01679546 0.54117647 0.42352941 0.64313725
v -0.06026655 -0.16615142 -0.05252678 0.54117647 0.42352941 0.64313725
v -0.05739406 -0.16615142 -0.05559872 0.54117647 0.42352941 0.64313725
v -0.05448427 -0.16615142 -0.05847662 0.54117647 0.42352941 0.64313725
v -0.05163042 -0.16615142 -0.06099883 0.54117647 0.42352941 0.64313725
v -0.04801183 -0.16615142 -0.06384441 0.54117647 0.42352941 0.64313725
v -0.04515799 -0.16615142 -0.06594625 0.54117647 0.42352941 0.64313725
v -0.04152074 -0.16615142 -0.06824211 0.54117647 0.42352941 0.64313725
v -0.03751044 0.01114230 -0.07057030 0.54117647 0.42352941 0.64313725
v -0.03465660 -0.15470680 -0.07202542 0.54117647 0.42352941 0.64313725
v -0.03465660 -0.16041825 -0.07202542 0.54117647 0.42352941 0.64313725
v -0.03008673 -0.15470680 -0.07399793 0.54117647 0.42352941 0.64313725
v -0.02458423 -0.16615142 -0.07600276 0.54117647 0.42352941 0.64313725
v -0.02173039 -0.16615142 -0.07694050 0.54117647 0.42352941 0.64313725
v -0.01865272 -0.16615142 -0.07768422 0.54117647 0.42352941 0.64313725
v -0.06265408 -0.16615142 -0.04964888 0.54117647 0.42352941 0.64313725
v -0.01294504 0.01685376 -0.07803993 0.54117647 0.42352941 0.64313725
v -0.00723736 0.01685376 -0.07865433 0.54117647 0.42352941 0.64313725
v -0.01865272 -0.15470680 -0.07768422 0.54117647 0.42352941 0.64313725
v -0.01919364 0.01085999 -0.07749023 0.54117647 0.42352941 0.64313725
v -0.02165578 0.01429120 -0.07690815 0.54117647 0.42352941 0.64313725
v -0.01816775 0.01646286 -0.07723155 0.54117647 0.42352941 0.64313725
v -0.00151102 0.01685376 -0.07894534 0.54117647 0.42352941 0.64313725
v 0.00421531 0.01685376 -0.07884831 0.54117647 0.42352941 0.64313725
v 0.01384003 0.01985064 -0.07700518 0.54117647 0.42352941 0.64313725
v 0.01764515 0.01926430 -0.07664948 0.54117647 0.42352941 0.64313725
v 0.02145026 0.01715779 -0.07603510 0.54117647 0.42352941 0.64313725
v 0.02708334 0.01685376 -0.07415961 0.54117647 0.42352941 0.64313725
v 0.03592465 0.01468210 -0.07128169 0.54117647 0.42352941 0.64313725
v 0.04295666 0.01685376 -0.06639895 0.54117647 0.42352941 0.64313725
v 0.04581050 0.01685376 -0.06445879 0.54117647 0.42352941 0.64313725
v 0.05297308 0.01455180 -0.05983473 0.54117647 0.42352941 0.64313725
v 0.04997001 0.01114230 -0.06229227 0.54117647 0.42352941 0.64313725
v 0.05302904 -0.15470680 -0.05989940 0.54117647 0.42352941 0.64313725
v 0.04997001 -0.15470680 -0.06232460 0.54117647 0.42352941 0.64313725
v 0.07919856 0.01114230 -0.01107197 0.54117647 0.42352941 0.64313725
v 0.07979544 -0.15470680 -0.00538084 0.54117647 0.42352941 0.64313725
v 0.08001927 -0.16041825 0.00034265 0.54117647 0.42352941 0.64313725
v 0.07975814 -0.15470680 0.00606612 0.54117647 0.42352941 0.64313725
v 0.07916127 -0.15470680 0.01178961 0.54117647 0.42352941 0.64313725
v 0.07811671 -0.16615142 0.01751308 0.54117647 0.42352941 0.64313725
v 0.07641934 -0.16578224 0.02378628 0.54117647 0.42352941 0.64313725
v 0.07572918 -0.00030230 0.02614681 0.54117647 0.42352941 0.64313725
v -0.00650991 -0.11466153 0.25042962 0.54117647 0.42352941 0.64313725
v -0.00652856 -0.11880939 0.25042962 0.54117647 0.42352941 0.64313725
v -0.00654721 -0.12039469 0.25042962 0.54117647 0.42352941 0.64313725
v -0.10963986 -0.04605902 0.22339669 0.54117647 0.42352941 0.64313725
v -0.10855801 -0.04197632 0.22740636 0.54117647 0.42352941 0.64313725
v -0.10921085 -0.04017384 0.22313800 0.54117647 0.42352941 0.64313725
v -0.10848340 -0.03689465 0.21767321 0.54117647 0.42352941 0.64313725
v -0.09031581 0.01989407 0.12412503 0.54117647 0.42352941 0.64313725
v -0.09050234 0.02008952 0.12043872 0.54117647 0.42352941 0.64313725
v -0.09180802 0.01685376 0.12043872 0.54117647 0.42352941 0.64313725
v -0.09195724 0.01685376 0.11471524 0.54117647 0.42352941 0.64313725
v -0.09242355 -0.10480223 0.25042962 0.54117647 0.42352941 0.64313725
v -0.09251682 -0.09906906 0.25042962 0.54117647 0.42352941 0.64313725
v -0.09259143 -0.09335762 0.25042962 0.54117647 0.42352941 0.64313725
v -0.09261008 -0.09179403 0.25042962 0.54117647 0.42352941 0.64313725
v -0.09266604 -0.08606086 0.25042962 0.54117647 0.42352941 0.64313725
v -0.09270334 -0.08191301 0.25042962 0.54117647 0.42352941 0.64313725
v -0.09270334 -0.07465969 0.25042962 0.54117647 0.42352941 0.64313725
v -0.09259143 -0.06321508 0.25042962 0.54117647 0.42352941 0.64313725
v -0.09251682 -0.05748192 0.25042962 0.54117647 0.42352941 0.64313725
v -0.09242355 -0.05177047 0.25042962 0.54117647 0.42352941 0.64313725
v -0.09156553 0.01685376 0.10899176 0.54117647 0.42352941 0.64313725
v -0.09040908 0.01505128 0.09182132 0.54117647 0.42352941 0.64313725
v -0.09022255 0.01433464 0.08832903 0.54117647 0.42352941 0.64313725
v -0.08451487 0.01450837 0.03665602 0.54117647 0.42352941 0.64313725
v -0.07897506 0.01539874 -0.01107197 0.54117647 0.42352941 0.64313725
v -0.07875123 0.01424777 -0.01411157 0.54117647 0.42352941 0.64313725
v -0.08000095 0.01114230 -0.00538084 0.54117647 0.42352941 0.64313725
v -0.07912428 0.01099029 -0.01158935 0.54117647 0.42352941 0.64313725
v -0.07813570 -0.15470680 -0.01695714 0.54117647 0.42352941 0.64313725
v -0.07813570 -0.16041825 -0.01695714 0.54117647 0.42352941 0.64313725
v -0.07673676 -0.16041825 -0.02251894 0.54117647 0.42352941 0.64313725
v -0.07479689 -0.15470680 -0.02824242 0.54117647 0.42352941 0.64313725
v -0.07334199 0.01114230 -0.03186406 0.54117647 0.42352941 0.64313725
v -0.07194305 0.01114230 -0.03474197 0.54117647 0.42352941 0.64313725
v -0.06940630 -0.15470680 -0.03968937 0.54117647 0.42352941 0.64313725
v -0.06754105 -0.16041825 -0.04295533 0.54117647 0.42352941 0.64313725
v -0.06752240 -0.16615142 -0.04292297 0.54117647 0.42352941 0.64313725
v -0.06550792 -0.16615142 -0.04580089 0.54117647 0.42352941 0.64313725
v 0.05590153 -0.16041825 -0.05711851 0.54117647 0.42352941 0.64313725
v 0.05590153 -0.15470680 -0.05711851 0.54117647 0.42352941 0.64313725
v 0.05584557 0.01114230 -0.05705384 0.54117647 0.42352941 0.64313725
v 0.05871807 0.01114230 -0.05417593 0.54117647 0.42352941 0.64313725
v 0.06136672 0.01114230 -0.05113635 0.54117647 0.42352941 0.64313725
v 0.07033860 0.01550732 -0.03745819 0.54117647 0.42352941 0.64313725
v 0.07050647 0.01114230 -0.03774921 0.54117647 0.42352941 0.64313725
v 0.07052513 0.00543087 -0.03774921 0.54117647 0.42352941 0.64313725
v 0.06345581 0.01685376 -0.04722368 0.54117647 0.42352941 0.64313725
v 0.06547029 0.01685376 -0.04434576 0.54117647 0.42352941 0.64313725
v 0.05869942 0.01466038 -0.05414358 0.54117647 0.42352941 0.64313725
v 0.07233442 0.01114230 -0.03396589 0.54117647 0.42352941 0.64313725
v 0.07578515 0.01444322 -0.02559086 0.54117647 0.42352941 0.64313725
v 0.07815403 0.01114230 -0.01679546 0.54117647 0.42352941 0.64313725
v -0.06024790 0.01114230 -0.05246211 0.54117647 0.42352941 0.64313725
v -0.05739406 0.01114230 -0.05556638 0.54117647 0.42352941 0.64313725
v -0.06265408 -0.15470680 -0.04964888 0.54117647 0.42352941 0.64313725
v -0.06261678 0.01114230 -0.04961654 0.54117647 0.42352941 0.64313725
v -0.05444696 0.01114230 -0.05844428 0.54117647 0.42352941 0.64313725
v -0.05159312 0.01114230 -0.06099883 0.54117647 0.42352941 0.64313725
v -0.04795587 0.01114230 -0.06384441 0.54117647 0.42352941 0.64313725
v -0.04510203 0.01114230 -0.06591391 0.54117647 0.42352941 0.64313725
v -0.04152074 0.01114230 -0.06817743 0.54117647 0.42352941 0.64313725
v -0.03391050 0.01685376 -0.07160505 0.54117647 0.42352941 0.64313725
v -0.03465660 0.01114230 -0.07196074 0.54117647 0.42352941 0.64313725
v -0.04489685 0.01546389 -0.06578457 0.54117647 0.42352941 0.64313725
v -0.03008673 0.01114230 -0.07396559 0.54117647 0.42352941 0.64313725
v -0.02436040 0.00543087 -0.07600276 0.54117647 0.42352941 0.64313725
v -0.02389408 0.01085999 -0.07616444 0.54117647 0.42352941 0.64313725
v -0.01592944 0.01974206 -0.07687583 0.54117647 0.42352941 0.64313725
v -0.01294504 0.01987236 -0.07706985 0.54117647 0.42352941 0.64313725
v -0.00723736 0.02006781 -0.07729618 0.54117647 0.42352941 0.64313725
v -0.03008673 0.01685376 -0.07309252 0.54117647 0.42352941 0.64313725
v -0.03307114 0.01976378 -0.07118468 0.54117647 0.42352941 0.64313725
v -0.02389408 0.01646286 -0.07542071 0.54117647 0.42352941 0.64313725
v -0.01975322 0.01809159 -0.07629378 0.54117647 0.42352941 0.64313725
v -0.00151102 0.02015467 -0.07742553 0.54117647 0.42352941 0.64313725
v 0.00421531 0.02013295 -0.07736089 0.54117647 0.42352941 0.64313725
v 0.00992299 0.02000266 -0.07719919 0.54117647 0.42352941 0.64313725
v 0.00992299 0.02163139 -0.07399793 0.54117647 0.42352941 0.64313725
v 0.01570528 0.02093646 -0.07445063 0.54117647 0.42352941 0.64313725
v 0.02137566 0.02078445 -0.07315719 0.54117647 0.42352941 0.64313725
v 0.02708334 0.02035012 -0.07215476 0.54117647 0.42352941 0.64313725
v 0.03092577 0.01995922 -0.07147570 0.54117647 0.42352941 0.64313725
v 0.03473088 0.01850421 -0.07066730 0.54117647 0.42352941 0.64313725
v 0.03282832 0.01670174 -0.07202542 0.54117647 0.42352941 0.64313725
v 0.03810700 0.01670174 -0.06934153 0.54117647 0.42352941 0.64313725
v 0.04193077 0.01993751 -0.06575223 0.54117647 0.42352941 0.64313725
v 0.05211506 0.01837391 -0.05905867 0.54117647 0.42352941 0.64313725
v 0.05010058 0.01661488 -0.06128985 0.54117647 0.42352941 0.64313725
v 0.05545387 0.01650630 -0.05660113 0.54117647 0.42352941 0.64313725
v 0.07733330 0.01685376 -0.01679546 0.54117647 0.42352941 0.64313725
v 0.07824728 0.01685376 -0.01107197 0.54117647 0.42352941 0.64313725
v 0.07975814 0.01114230 -0.00538084 0.54117647 0.42352941 0.64313725
v 0.08001927 -0.15470680 0.00034265 0.54117647 0.42352941 0.64313725
v 0.07972083 0.01114230 0.00606612 0.54117647 0.42352941 0.64313725
v 0.07912395 0.01114230 0.01178961 0.54117647 0.42352941 0.64313725
v 0.07811671 -0.15470680 0.01751308 0.54117647 0.42352941 0.64313725
v 0.07658720 0.01114230 0.02323657 0.54117647 0.42352941 0.64313725
v 0.07572918 0.01411747 0.02614681 0.54117647 0.42352941 0.64313725
v -0.00650991 -0.03876227 0.25042962 0.54117647 0.42352941 0.64313725
v -0.09223703 -0.04605902 0.25042962 0.54117647 0.42352941 0.64313725
v -0.09199454 -0.04032586 0.25042962 0.54117647 0.42352941 0.64313725
v -0.09165880 -0.03461441 0.25042962 0.54117647 0.42352941 0.64313725
v -0.09080078 -0.03007566 0.25042962 0.54117647 0.42352941 0.64313725
v -0.09046503 -0.02929387 0.25042962 0.54117647 0.42352941 0.64313725
v -0.08955106 -0.02720908 0.25042962 0.54117647 0.42352941 0.64313725
v -0.10783056 -0.03724211 0.22106850 0.54117647 0.42352941 0.64313725
v -0.08990546 0.01911227 0.12794068 0.54117647 0.42352941 0.64313725
v -0.08639878 0.02147937 0.13188568 0.54117647 0.42352941 0.64313725
v -0.08770446 0.02171825 0.12609753 0.54117647 0.42352941 0.64313725
v -0.08365685 0.02495402 0.12616220 0.54117647 0.42352941 0.64313725
v -0.08729410 0.02269549 0.12043872 0.54117647 0.42352941 0.64313725
v -0.09057695 0.02015467 0.11471524 0.54117647 0.42352941 0.64313725
v -0.09037178 0.01995922 0.10899176 0.54117647 0.42352941 0.64313725
v -0.09020390 0.01978549 0.10546713 0.54117647 0.42352941 0.64313725
v -0.08999872 0.01941631 0.10165148 0.54117647 0.42352941 0.64313725
v -0.09089404 0.01724465 0.10342996 0.54117647 0.42352941 0.64313725
v -0.09072617 0.01600682 0.09754480 0.54117647 0.42352941 0.64313725
v -0.07858336 0.01943803 -0.00732099 0.54117647 0.42352941 0.64313725
v -0.07927350 0.01726637 -0.00538084 0.54117647 0.42352941 0.64313725
v -0.07822896 0.01826533 -0.01107197 0.54117647 0.42352941 0.64313725
v -0.07753882 0.01644115 -0.01634275 0.54117647 0.42352941 0.64313725
v -0.07576683 0.01685376 -0.02251894 0.54117647 0.42352941 0.64313725
v -0.07668080 0.01114230 -0.02251894 0.54117647 0.42352941 0.64313725
v -0.07822896 0.01099029 -0.01634275 0.54117647 0.42352941 0.64313725
v -0.07673676 -0.15470680 -0.02251894 0.54117647 0.42352941 0.64313725
v -0.07475959 0.01114230 -0.02824242 0.54117647 0.42352941 0.64313725
v -0.07323008 0.01522501 -0.03163769 0.54117647 0.42352941 0.64313725
v -0.06744779 0.01485583 -0.04282598 0.54117647 0.42352941 0.64313725
v -0.06931304 0.01114230 -0.03968937 0.54117647 0.42352941 0.64313725
v -0.06750374 0.01114230 -0.04289065 0.54117647 0.42352941 0.64313725
v -0.06754105 -0.15470680 -0.04295533 0.54117647 0.42352941 0.64313725
v -0.06550792 -0.15470680 -0.04580089 0.54117647 0.42352941 0.64313725
v 0.06852930 0.01720122 -0.03949536 0.54117647 0.42352941 0.64313725
v 0.06977902 0.01930773 -0.03642344 0.54117647 0.42352941 0.64313725
v 0.07127123 0.01720122 -0.03428925 0.54117647 0.42352941 0.64313725
v 0.06470553 0.02000266 -0.04324633 0.54117647 0.42352941 0.64313725
v 0.06026622 0.01668003 -0.05129801 0.54117647 0.42352941 0.64313725
v 0.05793466 0.01846077 -0.05333520 0.54117647 0.42352941 0.64313725
v 0.07515095 0.01826533 -0.02394173 0.54117647 0.42352941 0.64313725
v 0.07619551 0.01654973 -0.02222790 0.54117647 0.42352941 0.64313725
v -0.05970698 0.01685376 -0.05194473 0.54117647 0.42352941 0.64313725
v -0.06220642 0.01685376 -0.04909916 0.54117647 0.42352941 0.64313725
v -0.05685314 0.01685376 -0.05504900 0.54117647 0.42352941 0.64313725
v -0.06547062 0.01114230 -0.04576856 0.54117647 0.42352941 0.64313725
v -0.05392469 0.01685376 -0.05789457 0.54117647 0.42352941 0.64313725
v -0.05105219 0.01685376 -0.06051379 0.54117647 0.42352941 0.64313725
v -0.03676434 0.01685376 -0.07002059 0.54117647 0.42352941 0.64313725
v -0.04698594 0.01715779 -0.06361806 0.54117647 0.42352941 0.64313725
v -0.04403884 0.01928601 -0.06517019 0.54117647 0.42352941 0.64313725
v -0.04189379 0.01715779 -0.06701334 0.54117647 0.42352941 0.64313725
v -0.02436040 0.02056728 -0.07263980 0.54117647 0.42352941 0.64313725
v -0.01816775 0.02071930 -0.07422428 0.54117647 0.42352941 0.64313725
v -0.01294504 0.02139251 -0.07399793 0.54117647 0.42352941 0.64313725
v -0.03008673 0.02006781 -0.07166972 0.54117647 0.42352941 0.64313725
v -0.00723736 0.02178340 -0.07399793 0.54117647 0.42352941 0.64313725
v -0.04021506 0.02015467 -0.06620494 0.54117647 0.42352941 0.64313725
v -0.03530944 0.02052385 -0.06817743 0.54117647 0.42352941 0.64313725
v -0.03581306 0.02276064 -0.06255097 0.54117647 0.42352941 0.64313725
v -0.03008673 0.02154452 -0.06827444 0.54117647 0.42352941 0.64313725
v -0.00151102 0.02193542 -0.07399793 0.54117647 0.42352941 0.64313725
v 0.00421531 0.02189199 -0.07399793 0.54117647 0.42352941 0.64313725
v 0.01014682 0.02445454 -0.06782174 0.54117647 0.42352941 0.64313725
v 0.01564932 0.02380305 -0.06827444 0.54117647 0.42352941 0.64313725
v 0.02137566 0.02312984 -0.06827444 0.54117647 0.42352941 0.64313725
v 0.02708334 0.02223945 -0.06827444 0.54117647 0.42352941 0.64313725
v 0.03282832 0.02093646 -0.06856547 0.54117647 0.42352941 0.64313725
v 0.03853601 0.02039355 -0.06672231 0.54117647 0.42352941 0.64313725
v 0.03853601 0.02223945 -0.06255097 0.54117647 0.42352941 0.64313725
v 0.04400120 0.02069758 -0.06251863 0.54117647 0.42352941 0.64313725
v 0.04829129 0.02015467 -0.06057846 0.54117647 0.42352941 0.64313725
v 0.05412953 0.02024154 -0.05524302 0.54117647 0.42352941 0.64313725
v 0.07580379 0.01980721 -0.02012608 0.54117647 0.42352941 0.64313725
v 0.07608358 0.02000266 -0.01679546 0.54117647 0.42352941 0.64313725
v 0.07878820 0.01685376 -0.00538084 0.54117647 0.42352941 0.64313725
v 0.07992601 0.01114230 0.00034265 0.54117647 0.42352941 0.64313725
v 0.07876955 0.01685376 0.00606612 0.54117647 0.42352941 0.64313725
v 0.07819132 0.01685376 0.01178961 0.54117647 0.42352941 0.64313725
v 0.07727736 0.01685376 0.01751308 0.54117647 0.42352941 0.64313725
v 0.07806075 0.01114230 0.01751308 0.54117647 0.42352941 0.64313725
v 0.07613955 0.01635428 0.02288087 0.54117647 0.42352941 0.64313725
v 0.07511366 0.01791786 0.02456234 0.54117647 0.42352941 0.64313725
v 0.06972308 0.01913398 0.03701172 0.54117647 0.42352941 0.64313725
v -0.00770367 -0.02890297 0.25042962 0.54117647 0.42352941 0.64313725
v -0.00654721 -0.03461441 0.25042962 0.54117647 0.42352941 0.64313725
v -0.08667856 -0.02397332 0.25042962 0.54117647 0.42352941 0.64313725
v -0.08539154 0.02061072 0.13660674 0.54117647 0.42352941 0.64313725
v -0.08287345 0.02434596 0.13188568 0.54117647 0.42352941 0.64313725
v -0.08080302 0.02660448 0.12616220 0.54117647 0.42352941 0.64313725
v -0.08397395 0.02519290 0.12043872 0.54117647 0.42352941 0.64313725
v -0.08001960 0.02623529 0.13188568 0.54117647 0.42352941 0.64313725
v -0.08729410 0.02269549 0.11471524 0.54117647 0.42352941 0.64313725
v -0.08729410 0.02228288 0.10899176 0.54117647 0.42352941 0.64313725
v -0.07878854 0.01978549 -0.00350535 0.54117647 0.42352941 0.64313725
v -0.08440296 0.01969863 0.04910540 0.54117647 0.42352941 0.64313725
v -0.08977489 0.01887339 0.09754480 0.54117647 0.42352941 0.64313725
v -0.07537512 0.02097990 -0.01107197 0.54117647 0.42352941 0.64313725
v -0.07468498 0.02069758 -0.01679546 0.54117647 0.42352941 0.64313725
v -0.07390157 0.02032840 -0.02251894 0.54117647 0.42352941 0.64313725
v -0.07334199 0.01998094 -0.02662562 0.54117647 0.42352941 0.64313725
v -0.07268915 0.01902540 -0.03044128 0.54117647 0.42352941 0.64313725
v -0.07392022 0.01702749 -0.02840410 0.54117647 0.42352941 0.64313725
v -0.07158866 0.01702749 -0.03370720 0.54117647 0.42352941 0.64313725
v -0.06843637 0.01681033 -0.03981872 0.54117647 0.42352941 0.64313725
v -0.06679495 0.01865622 -0.04182355 0.54117647 0.42352941 0.64313725
v -0.06522813 0.01681033 -0.04499249 0.54117647 0.42352941 0.64313725
v 0.06586198 0.02050213 -0.03968937 0.54117647 0.42352941 0.64313725
v 0.07052513 0.02006781 -0.03260777 0.54117647 0.42352941 0.64313725
v 0.05952012 0.02019810 -0.04951953 0.54117647 0.42352941 0.64313725
v 0.06142268 0.02078445 -0.04525118 0.54117647 0.42352941 0.64313725
v 0.06140403 0.02236975 -0.03968937 0.54117647 0.42352941 0.64313725
v -0.06168415 0.01980721 -0.04842011 0.54117647 0.42352941 0.64313725
v -0.05612569 0.01989407 -0.05430528 0.54117647 0.42352941 0.64313725
v -0.05034340 0.01985064 -0.05989940 0.54117647 0.42352941 0.64313725
v -0.02436040 0.02252176 -0.06827444 0.54117647 0.42352941 0.64313725
v -0.01865272 0.02339044 -0.06827444 0.54117647 0.42352941 0.64313725
v -0.01294504 0.02397678 -0.06827444 0.54117647 0.42352941 0.64313725
v -0.00772232 0.02451969 -0.06785407 0.54117647 0.42352941 0.64313725
v -0.00151102 0.02436767 -0.06866247 0.54117647 0.42352941 0.64313725
v -0.04724708 0.02032840 -0.06109583 0.54117647 0.42352941 0.64313725
v -0.04189379 0.02111019 -0.06300367 0.54117647 0.42352941 0.64313725
v -0.04152074 0.02345558 -0.05685982 0.54117647 0.42352941 0.64313725
v -0.03605554 0.02473685 -0.05679515 0.54117647 0.42352941 0.64313725
v -0.03120588 0.02510603 -0.05870297 0.54117647 0.42352941 0.64313725
v -0.02738211 0.02547521 -0.05977006 0.54117647 0.42352941 0.64313725
v -0.02962042 0.02415051 -0.06203358 0.54117647 0.42352941 0.64313725
v 0.00421531 0.02434596 -0.06863014 0.54117647 0.42352941 0.64313725
v 0.00837483 0.02551864 -0.06559055 0.54117647 0.42352941 0.64313725
v 0.01219860 0.02541006 -0.06533187 0.54117647 0.42352941 0.64313725
v 0.01564932 0.02525805 -0.06494383 0.54117647 0.42352941 0.64313725
v 0.02137566 0.02491058 -0.06410310 0.54117647 0.42352941 0.64313725
v 0.02749369 0.02462827 -0.06242161 0.54117647 0.42352941 0.64313725
v 0.03280967 0.02354245 -0.06255097 0.54117647 0.42352941 0.64313725
v 0.03280967 0.02506260 -0.05867063 0.54117647 0.42352941 0.64313725
v 0.03853601 0.02449797 -0.05666580 0.54117647 0.42352941 0.64313725
v 0.04424368 0.02291267 -0.05685982 0.54117647 0.42352941 0.64313725
v 0.05010058 0.02097990 -0.05702150 0.54117647 0.42352941 0.64313725
v 0.05590153 0.02100161 -0.05129801 0.54117647 0.42352941 0.64313725
v 0.04997001 0.02315155 -0.05113635 0.54117647 0.42352941 0.64313725
v 0.07140180 0.02050213 -0.02824242 0.54117647 0.42352941 0.64313725
v 0.07308053 0.02076273 -0.02222790 0.54117647 0.42352941 0.64313725
v 0.07283804 0.02160967 -0.01679546 0.54117647 0.42352941 0.64313725
v 0.07283804 0.02208743 -0.01107197 0.54117647 0.42352941 0.64313725
v 0.07647530 0.02026325 -0.01107197 0.54117647 0.42352941 0.64313725
v 0.07675507 0.02041527 -0.00538084 0.54117647 0.42352941 0.64313725
v 0.07895608 0.01685376 0.00034265 0.54117647 0.42352941 0.64313725
v 0.07673642 0.02041527 0.00606612 0.54117647 0.42352941 0.64313725
v 0.07645663 0.02026325 0.01178961 0.54117647 0.42352941 0.64313725
v 0.07606494 0.02000266 0.01751308 0.54117647 0.42352941 0.64313725
v 0.07580379 0.01980721 0.02074670 0.54117647 0.42352941 0.64313725
v 0.07050647 0.02006781 0.03319607 0.54117647 0.42352941 0.64313725
v 0.06466823 0.02000266 0.04389930 0.54117647 0.42352941 0.64313725
v -0.00947566 -0.02529802 0.25042962 0.54117647 0.42352941 0.64313725
v -0.00818863 -0.02790401 0.25042962 0.54117647 0.42352941 0.64313725
v -0.08294806 -0.02112845 0.25042962 0.54117647 0.42352941 0.64313725
v -0.07923620 0.02577924 0.13573367 0.54117647 0.42352941 0.64313725
v -0.07584144 0.02886299 0.12616220 0.54117647 0.42352941 0.64313725
v -0.08112011 0.02666963 0.12043872 0.54117647 0.42352941 0.64313725
v -0.07584144 0.02832008 0.13188568 0.54117647 0.42352941 0.64313725
v -0.08384338 0.02512775 0.11471524 0.54117647 0.42352941 0.64313725
v -0.07634505 0.02091475 -0.00538084 0.54117647 0.42352941 0.64313725
v -0.07013375 0.02334700 -0.01107197 0.54117647 0.42352941 0.64313725
v -0.07013375 0.02282581 -0.01679546 0.54117647 0.42352941 0.64313725
v -0.07013375 0.02213087 -0.02251894 0.54117647 0.42352941 0.64313725
v -0.07052546 0.02097990 -0.02840410 0.54117647 0.42352941 0.64313725
v -0.06888403 0.02054557 -0.03396589 0.54117647 0.42352941 0.64313725
v -0.06782084 0.02006781 -0.03800790 0.54117647 0.42352941 0.64313725
v 0.06757803 0.02108848 -0.03428925 0.54117647 0.42352941 0.64313725
v 0.06713037 0.02250004 -0.02824242 0.54117647 0.42352941 0.64313725
v 0.05567770 0.02297782 -0.04541286 0.54117647 0.42352941 0.64313725
v 0.05554713 0.02454141 -0.03972173 0.54117647 0.42352941 0.64313725
v 0.06140403 0.02369447 -0.03396589 0.54117647 0.42352941 0.64313725
v -0.05830804 0.02035012 -0.05065129 0.54117647 0.42352941 0.64313725
v -0.06272869 0.02026325 -0.04541286 0.54117647 0.42352941 0.64313725
v -0.05868109 0.02180512 -0.04541286 0.54117647 0.42352941 0.64313725
v -0.05254440 0.02039355 -0.05647179 0.54117647 0.42352941 0.64313725
v -0.05297341 0.02206572 -0.05113635 0.54117647 0.42352941 0.64313725
v -0.04724708 0.02193542 -0.05685982 0.54117647 0.42352941 0.64313725
v -0.02436040 0.02456312 -0.06326236 0.54117647 0.42352941 0.64313725
v -0.01865272 0.02501917 -0.06429711 0.54117647 0.42352941 0.64313725
v -0.01294504 0.02530148 -0.06507318 0.54117647 0.42352941 0.64313725
v -0.00996063 0.02543178 -0.06539654 0.54117647 0.42352941 0.64313725
v -0.00615551 0.02554036 -0.06565523 0.54117647 0.42352941 0.64313725
v -0.00151102 0.02560551 -0.06578457 0.54117647 0.42352941 0.64313725
v 0.00421531 0.02558379 -0.06578457 0.54117647 0.42352941 0.64313725
v -0.04724708 0.02375961 -0.05113635 0.54117647 0.42352941 0.64313725
v -0.04202436 0.02501917 -0.05145971 0.54117647 0.42352941 0.64313725
v -0.03812598 0.02532320 -0.05356153 0.54117647 0.42352941 0.64313725
v -0.03432086 0.02573581 -0.05488732 0.54117647 0.42352941 0.64313725
v -0.02436040 0.02569238 -0.06041678 0.54117647 0.42352941 0.64313725
v -0.02962042 0.02599641 -0.05679515 0.54117647 0.42352941 0.64313725
v -0.02436040 0.02684336 -0.05685982 0.54117647 0.42352941 0.64313725
v 0.00421531 0.02682165 -0.06255097 0.54117647 0.42352941 0.64313725
v 0.01014682 0.02638732 -0.06306835 0.54117647 0.42352941 0.64313725
v 0.01564932 0.02636559 -0.06206591 0.54117647 0.42352941 0.64313725
v 0.02137566 0.02603984 -0.06125751 0.54117647 0.42352941 0.64313725
v 0.02585227 0.02571409 -0.06041678 0.54117647 0.42352941 0.64313725
v 0.02965738 0.02538835 -0.05957604 0.54117647 0.42352941 0.64313725
v 0.03280967 0.02608327 -0.05582507 0.54117647 0.42352941 0.64313725
v 0.03665210 0.02567066 -0.05466095 0.54117647 0.42352941 0.64313725
v 0.04045721 0.02521461 -0.05327052 0.54117647 0.42352941 0.64313725
v 0.04450482 0.02475857 -0.05126569 0.54117647 0.42352941 0.64313725
v 0.04657525 0.02530148 -0.04770872 0.54117647 0.42352941 0.64313725
v 0.05013789 0.02475857 -0.04563921 0.54117647 0.42352941 0.64313725
v 0.06713037 0.02336872 -0.02251894 0.54117647 0.42352941 0.64313725
v 0.06713037 0.02402021 -0.01679546 0.54117647 0.42352941 0.64313725
v 0.06670136 0.02460655 -0.01158935 0.54117647 0.42352941 0.64313725
v 0.07283804 0.02236975 -0.00538084 0.54117647 0.42352941 0.64313725
v 0.07684835 0.02045870 0.00034265 0.54117647 0.42352941 0.64313725
v 0.07283804 0.02245661 0.00034265 0.54117647 0.42352941 0.64313725
v 0.07283804 0.02232631 0.00606612 0.54117647 0.42352941 0.64313725
v 0.07283804 0.02204400 0.01178961 0.54117647 0.42352941 0.64313725
v 0.07283804 0.02154452 0.01751308 0.54117647 0.42352941 0.64313725
v 0.07306188 0.02074101 0.02288087 0.54117647 0.42352941 0.64313725
v 0.07136449 0.02050213 0.02896006 0.54117647 0.42352941 0.64313725
v 0.06754071 0.02106676 0.03494221 0.54117647 0.42352941 0.64313725
v 0.06580604 0.02048042 0.04037468 0.54117647 0.42352941 0.64313725
v 0.06713037 0.02241318 0.02896006 0.54117647 0.42352941 0.64313725
v 0.05297308 0.01982892 0.06061704 0.54117647 0.42352941 0.64313725
v -0.01576157 -0.02030322 0.25042962 0.54117647 0.42352941 0.64313725
v -0.01309426 -0.02232286 0.25042962 0.54117647 0.42352941 0.64313725
v -0.01197510 -0.02323495 0.25042962 0.54117647 0.42352941 0.64313725
v 0.06140403 0.02232631 0.04037468 0.54117647 0.42352941 0.64313725
v 0.06140403 0.02080616 0.04593647 0.54117647 0.42352941 0.64313725
v -0.01587349 0.02541006 0.14032539 0.54117647 0.42352941 0.64313725
v -0.08087763 -0.02004262 0.25042962 0.54117647 0.42352941 0.64313725
v -0.07431193 0.02617014 0.14200686 0.54117647 0.42352941 0.64313725
v -0.07813570 0.02508432 0.13951699 0.54117647 0.42352941 0.64313725
v -0.07606526 0.02684336 0.13760916 0.54117647 0.42352941 0.64313725
v -0.07089851 0.03057861 0.12616220 0.54117647 0.42352941 0.64313725
v -0.07584144 0.02888471 0.12043872 0.54117647 0.42352941 0.64313725
v -0.07054411 0.03038316 0.13188568 0.54117647 0.42352941 0.64313725
v -0.08098954 0.02653933 0.11471524 0.54117647 0.42352941 0.64313725
v -0.06957418 0.02981851 0.13702711 0.54117647 0.42352941 0.64313725
v -0.06727991 0.03116495 0.13476359 0.54117647 0.42352941 0.64313725
v -0.07013375 0.02371618 -0.00538084 0.54117647 0.42352941 0.64313725
v -0.06569445 0.02495402 -0.01107197 0.54117647 0.42352941 0.64313725
v -0.06625402 0.02512775 -0.00538084 0.54117647 0.42352941 0.64313725
v -0.06494834 0.02469342 -0.01679546 0.54117647 0.42352941 0.64313725
v -0.06388515 0.02447626 -0.02209856 0.54117647 0.42352941 0.64313725
v -0.06440742 0.02345558 -0.02824242 0.54117647 0.42352941 0.64313725
v -0.06440742 0.02243490 -0.03396589 0.54117647 0.42352941 0.64313725
v -0.06468721 0.02095818 -0.03981872 0.54117647 0.42352941 0.64313725
v 0.06129211 0.02471514 -0.02872746 0.54117647 0.42352941 0.64313725
v 0.06302680 0.02499745 -0.02251894 0.54117647 0.42352941 0.64313725
v 0.05215236 0.02523633 -0.04166189 0.54117647 0.42352941 0.64313725
v 0.05355130 0.02569238 -0.03784622 0.54117647 0.42352941 0.64313725
v 0.05759890 0.02510603 -0.03396589 0.54117647 0.42352941 0.64313725
v 0.05845692 0.02541006 -0.03092630 0.54117647 0.42352941 0.64313725
v -0.05297341 0.02367275 -0.04541286 0.54117647 0.42352941 0.64313725
v -0.05868109 0.02323842 -0.03968937 0.54117647 0.42352941 0.64313725
v -0.01865272 0.02608327 -0.06145153 0.54117647 0.42352941 0.64313725
v -0.01294504 0.02636559 -0.06222759 0.54117647 0.42352941 0.64313725
v -0.00772232 0.02638732 -0.06313302 0.54117647 0.42352941 0.64313725
v -0.00151102 0.02682165 -0.06255097 0.54117647 0.42352941 0.64313725
v -0.04765743 0.02506260 -0.04589790 0.54117647 0.42352941 0.64313725
v -0.04426267 0.02541006 -0.04812908 0.54117647 0.42352941 0.64313725
v -0.04045755 0.02584439 -0.04974588 0.54117647 0.42352941 0.64313725
v -0.03605554 0.02632215 -0.05145971 0.54117647 0.42352941 0.64313725
v -0.03008673 0.02753829 -0.05113635 0.54117647 0.42352941 0.64313725
v -0.01865272 0.02760344 -0.05685982 0.54117647 0.42352941 0.64313725
v -0.02436040 0.02845038 -0.05113635 0.54117647 0.42352941 0.64313725
v 0.00421531 0.02879784 -0.05685982 0.54117647 0.42352941 0.64313725
v 0.00992299 0.02860239 -0.05685982 0.54117647 0.42352941 0.64313725
v 0.01564932 0.02821150 -0.05685982 0.54117647 0.42352941 0.64313725
v 0.02137566 0.02762515 -0.05685982 0.54117647 0.42352941 0.64313725
v 0.02749369 0.02653933 -0.05734486 0.54117647 0.42352941 0.64313725
v 0.03280967 0.02758172 -0.05113635 0.54117647 0.42352941 0.64313725
v 0.03853601 0.02630044 -0.05126569 0.54117647 0.42352941 0.64313725
v 0.04275148 0.02582267 -0.04945486 0.54117647 0.42352941 0.64313725
v 0.04450482 0.02643075 -0.04563921 0.54117647 0.42352941 0.64313725
v 0.04832860 0.02582267 -0.04392541 0.54117647 0.42352941 0.64313725
v 0.06388482 0.02530148 -0.01679546 0.54117647 0.42352941 0.64313725
v 0.06425787 0.02543178 -0.01385287 0.54117647 0.42352941 0.64313725
v 0.06451901 0.02554036 -0.01003722 0.54117647 0.42352941 0.64313725
v 0.06755938 0.02451969 -0.00538084 0.54117647 0.42352941 0.64313725
v 0.06757803 0.02456312 0.00034265 0.54117647 0.42352941 0.64313725
v 0.06737284 0.02449797 0.00606612 0.54117647 0.42352941 0.64313725
v 0.06658943 0.02451969 0.01140158 0.54117647 0.42352941 0.64313725
v 0.06713037 0.02384648 0.01751308 0.54117647 0.42352941 0.64313725
v 0.06713037 0.02321670 0.02323657 0.54117647 0.42352941 0.64313725
v 0.06140403 0.02352073 0.03468353 0.54117647 0.42352941 0.64313725
v 0.06101232 0.02458484 0.02879836 0.54117647 0.42352941 0.64313725
v -0.01714186 0.02480200 0.14330031 0.54117647 0.42352941 0.64313725
v -0.02132003 0.02551864 0.14633989 0.54117647 0.42352941 0.64313725
v -0.01848484 -0.01915225 0.25042962 0.54117647 0.42352941 0.64313725
v 0.05526734 0.02445454 0.04005132 0.54117647 0.42352941 0.64313725
v 0.05567770 0.02297782 0.04609815 0.54117647 0.42352941 0.64313725
v -0.01813044 0.02682165 0.13809420 0.54117647 0.42352941 0.64313725
v -0.01460511 0.02593126 0.13650974 0.54117647 0.42352941 0.64313725
v -0.02436040 0.02760344 0.14330031 0.54117647 0.42352941 0.64313725
v -0.02001435 0.02603984 0.14330031 0.54117647 0.42352941 0.64313725
v -0.08009421 -0.01965173 0.25042962 0.54117647 0.42352941 0.64313725
v -0.07048815 0.02716911 0.14368834 0.54117647 0.42352941 0.64313725
v -0.06804467 0.03136040 0.12616220 0.54117647 0.42352941 0.64313725
v -0.07054411 0.03053517 0.12043872 0.54117647 0.42352941 0.64313725
v -0.06769027 0.03127353 0.13188568 0.54117647 0.42352941 0.64313725
v -0.07584144 0.02862411 0.11471524 0.54117647 0.42352941 0.64313725
v -0.06550792 0.03073062 0.13857924 0.54117647 0.42352941 0.64313725
v -0.06170280 0.03118667 0.14055174 0.54117647 0.42352941 0.64313725
v -0.06392246 0.03140383 0.13702711 0.54117647 0.42352941 0.64313725
v -0.06440742 0.03190331 0.13188568 0.54117647 0.42352941 0.64313725
v -0.06284061 0.02584439 -0.01107197 0.54117647 0.42352941 0.64313725
v -0.06207585 0.02560551 -0.01679546 0.54117647 0.42352941 0.64313725
v -0.06340018 0.02599641 -0.00538084 0.54117647 0.42352941 0.64313725
v -0.06162819 0.02547521 -0.01989971 0.54117647 0.42352941 0.64313725
v -0.06090074 0.02525805 -0.02368304 0.54117647 0.42352941 0.64313725
v -0.05987485 0.02495402 -0.02824242 0.54117647 0.42352941 0.64313725
v -0.05830804 0.02451969 -0.03373955 0.54117647 0.42352941 0.64313725
v 0.05931494 0.02571409 -0.02711066 0.54117647 0.42352941 0.64313725
v 0.06017296 0.02601812 -0.02251894 0.54117647 0.42352941 0.64313725
v 0.05013789 0.02630044 -0.03972173 0.54117647 0.42352941 0.64313725
v 0.04997001 0.02753829 -0.03396589 0.54117647 0.42352941 0.64313725
v 0.05472642 0.02608327 -0.03396589 0.54117647 0.42352941 0.64313725
v 0.05619997 0.02649590 -0.02872746 0.54117647 0.42352941 0.64313725
v -0.05304802 0.02488887 -0.04004509 0.54117647 0.42352941 0.64313725
v -0.04982113 0.02536663 -0.04217926 0.54117647 0.42352941 0.64313725
v -0.05500653 0.02521461 -0.03548569 0.54117647 0.42352941 0.64313725
v -0.01294504 0.02816807 -0.05685982 0.54117647 0.42352941 0.64313725
v -0.00723736 0.02855896 -0.05685982 0.54117647 0.42352941 0.64313725
v -0.00151102 0.02877613 -0.05685982 0.54117647 0.42352941 0.64313725
v -0.04601601 0.02584439 -0.04431344 0.54117647 0.42352941 0.64313725
v -0.04202436 0.02640904 -0.04589790 0.54117647 0.42352941 0.64313725
v -0.03581306 0.02784232 -0.04541286 0.54117647 0.42352941 0.64313725
v -0.03008673 0.02884127 -0.04541286 0.54117647 0.42352941 0.64313725
v -0.01865272 0.02912359 -0.05113635 0.54117647 0.42352941 0.64313725
v -0.02436040 0.02966650 -0.04541286 0.54117647 0.42352941 0.64313725
v -0.01628384 0.03120838 -0.04282598 0.54117647 0.42352941 0.64313725
v 0.00421531 0.03038316 -0.05113635 0.54117647 0.42352941 0.64313725
v 0.00992299 0.03020943 -0.05113635 0.54117647 0.42352941 0.64313725
v 0.01564932 0.02981851 -0.05113635 0.54117647 0.42352941 0.64313725
v 0.02137566 0.02931904 -0.05113635 0.54117647 0.42352941 0.64313725
v 0.02708334 0.02858068 -0.05113635 0.54117647 0.42352941 0.64313725
v 0.03280967 0.02910187 -0.04541286 0.54117647 0.42352941 0.64313725
v 0.03853601 0.02797262 -0.04541286 0.54117647 0.42352941 0.64313725
v 0.04424368 0.02795090 -0.03968937 0.54117647 0.42352941 0.64313725
v 0.06101232 0.02627872 -0.01679546 0.54117647 0.42352941 0.64313725
v 0.06196361 0.02630044 -0.01158935 0.54117647 0.42352941 0.64313725
v 0.05567770 0.02797262 -0.01679546 0.54117647 0.42352941 0.64313725
v 0.06140403 0.02666963 -0.00538084 0.54117647 0.42352941 0.64313725
v 0.06470553 0.02560551 -0.00538084 0.54117647 0.42352941 0.64313725
v 0.06472419 0.02560551 0.00034265 0.54117647 0.42352941 0.64313725
v 0.06451901 0.02554036 0.00606612 0.54117647 0.42352941 0.64313725
v 0.06433248 0.02545350 0.00926739 0.54117647 0.42352941 0.64313725
v 0.06392213 0.02534491 0.01308305 0.54117647 0.42352941 0.64313725
v 0.06334390 0.02514947 0.01751308 0.54117647 0.42352941 0.64313725
v 0.06239261 0.02486715 0.02323657 0.54117647 0.42352941 0.64313725
v 0.05795330 0.02527976 0.03057686 0.54117647 0.42352941 0.64313725
v 0.05685281 0.02495402 0.03468353 0.54117647 0.42352941 0.64313725
v 0.05884864 0.02554036 0.02676119 0.54117647 0.42352941 0.64313725
v -0.02436040 0.02608327 0.14750399 0.54117647 0.42352941 0.64313725
v -0.02256975 -0.01776239 0.25042962 0.54117647 0.42352941 0.64313725
v 0.05308499 0.02551864 0.03791713 0.54117647 0.42352941 0.64313725
v -0.01865272 0.02838523 0.13188568 0.54117647 0.42352941 0.64313725
v -0.02436040 0.02894986 0.13757682 0.54117647 0.42352941 0.64313725
v -0.03008673 0.02925389 0.14330031 0.54117647 0.42352941 0.64313725
v -0.07895641 -0.01919568 0.25042962 0.54117647 0.42352941 0.64313725
v -0.06392246 0.02979680 0.14281527 0.54117647 0.42352941 0.64313725
v -0.07584144 -0.01797955 0.25042962 0.54117647 0.42352941 0.64313725
v -0.06440742 0.03201189 0.12616220 0.54117647 0.42352941 0.64313725
v -0.06769027 0.03127353 0.12043872 0.54117647 0.42352941 0.64313725
v -0.05868109 0.02725598 -0.00538084 0.54117647 0.42352941 0.64313725
v -0.05868109 0.03209875 0.13757682 0.54117647 0.42352941 0.64313725
v -0.05868109 0.03044831 0.14414104 0.54117647 0.42352941 0.64313725
v -0.05868109 0.03140383 0.14129547 0.54117647 0.42352941 0.64313725
v -0.05868109 0.03266338 0.13188568 0.54117647 0.42352941 0.64313725
v -0.05868109 0.02695195 -0.01107197 0.54117647 0.42352941 0.64313725
v -0.05868109 0.02651762 -0.01679546 0.54117647 0.42352941 0.64313725
v -0.05886761 0.02599641 -0.02209856 0.54117647 0.42352941 0.64313725
v -0.05700236 0.02577924 -0.02824242 0.54117647 0.42352941 0.64313725
v -0.05614434 0.02554036 -0.03167005 0.54117647 0.42352941 0.64313725
v 0.05567770 0.02747314 -0.02251894 0.54117647 0.42352941 0.64313725
v 0.04424368 0.02899329 -0.03396589 0.54117647 0.42352941 0.64313725
v 0.04997001 0.02845038 -0.02824242 0.54117647 0.42352941 0.64313725
v -0.05120142 0.02573581 -0.03836360 0.54117647 0.42352941 0.64313725
v -0.04765743 0.02630044 -0.04004509 0.54117647 0.42352941 0.64313725
v -0.05304802 0.02601812 -0.03373955 0.54117647 0.42352941 0.64313725
v -0.01294504 0.02962307 -0.05113635 0.54117647 0.42352941 0.64313725
v -0.00723736 0.03005741 -0.05113635 0.54117647 0.42352941 0.64313725
v -0.00151102 0.03033972 -0.05113635 0.54117647 0.42352941 0.64313725
v -0.04152074 0.02777717 -0.03968937 0.54117647 0.42352941 0.64313725
v -0.03581306 0.02888471 -0.03968937 0.54117647 0.42352941 0.64313725
v -0.03008673 0.02979680 -0.03968937 0.54117647 0.42352941 0.64313725
v -0.02236457 0.03127353 -0.03761987 0.54117647 0.42352941 0.64313725
v -0.01294504 0.03136040 -0.04356969 0.54117647 0.42352941 0.64313725
v -0.01837293 0.03142555 -0.03959238 0.54117647 0.42352941 0.64313725
v -0.01294504 0.03188159 -0.03968937 0.54117647 0.42352941 0.64313725
v 0.00421531 0.03112152 -0.04816142 0.54117647 0.42352941 0.64313725
v 0.00992299 0.03101293 -0.04787040 0.54117647 0.42352941 0.64313725
v 0.01564932 0.03153413 -0.04431344 0.54117647 0.42352941 0.64313725
v 0.02027516 0.03133868 -0.04340803 0.54117647 0.42352941 0.64313725
v 0.02186063 0.03068719 -0.04534819 0.54117647 0.42352941 0.64313725
v 0.02409893 0.03114323 -0.04247027 0.54117647 0.42352941 0.64313725
v 0.02708334 0.03001398 -0.04541286 0.54117647 0.42352941 0.64313725
v 0.03042215 0.03123010 -0.03726417 0.54117647 0.42352941 0.64313725
v 0.03853601 0.02923217 -0.03968937 0.54117647 0.42352941 0.64313725
v 0.05567770 0.02825493 -0.01107197 0.54117647 0.42352941 0.64313725
v 0.04997001 0.02940590 -0.01679546 0.54117647 0.42352941 0.64313725
v 0.04997001 0.02905844 -0.02251894 0.54117647 0.42352941 0.64313725
v 0.05567770 0.02834180 -0.00538084 0.54117647 0.42352941 0.64313725
v 0.06140403 0.02664792 0.00034265 0.54117647 0.42352941 0.64313725
v 0.06140403 0.02647418 0.00606612 0.54117647 0.42352941 0.64313725
v 0.06177708 0.02608327 0.01140158 0.54117647 0.42352941 0.64313725
v 0.06049005 0.02601812 0.01751308 0.54117647 0.42352941 0.64313725
v 0.05952012 0.02573581 0.02323657 0.54117647 0.42352941 0.64313725
v 0.05399897 0.02575753 0.03468353 0.54117647 0.42352941 0.64313725
v 0.05590153 0.02606156 0.02879836 0.54117647 0.42352941 0.64313725
v 0.05567770 0.02673478 0.02323657 0.54117647 0.42352941 0.64313725
v -0.02980694 0.02693023 0.14944415 0.54117647 0.42352941 0.64313725
v -0.02436040 -0.01715433 0.25042962 0.54117647 0.42352941 0.64313725
v 0.04997001 0.02673478 0.03468353 0.54117647 0.42352941 0.64313725
v 0.04991406 0.02595297 0.04005132 0.54117647 0.42352941 0.64313725
v -0.03243695 0.03127353 0.13560433 0.54117647 0.42352941 0.64313725
v -0.03034787 0.03047002 0.13754449 0.54117647 0.42352941 0.64313725
v -0.03372398 0.03096950 0.13941998 0.54117647 0.42352941 0.64313725
v -0.03752910 0.03136040 0.14126313 0.54117647 0.42352941 0.64313725
v -0.03570115 0.03049174 0.14323563 0.54117647 0.42352941 0.64313725
v -0.03581306 0.02851553 0.14902379 0.54117647 0.42352941 0.64313725
v -0.07427462 -0.01752350 0.25042962 0.54117647 0.42352941 0.64313725
v -0.07013375 -0.01632910 0.25042962 0.54117647 0.42352941 0.64313725
v -0.05868109 0.03270681 0.12616220 0.54117647 0.42352941 0.64313725
v -0.05868109 0.03255480 0.12043872 0.54117647 0.42352941 0.64313725
v -0.05868109 0.03238107 0.11471524 0.54117647 0.42352941 0.64313725
v -0.06440742 0.03181644 0.12043872 0.54117647 0.42352941 0.64313725
v -0.04724708 0.02934075 -0.01107197 0.54117647 0.42352941 0.64313725
v -0.05297341 0.02855896 -0.00538084 0.54117647 0.42352941 0.64313725
v -0.05297341 0.02827665 -0.01107197 0.54117647 0.42352941 0.64313725
v -0.05297341 0.03168614 0.14236256 0.54117647 0.42352941 0.64313725
v -0.05297341 0.03255480 0.13757682 0.54117647 0.42352941 0.64313725
v -0.05297341 0.03081749 0.14520813 0.54117647 0.42352941 0.64313725
v -0.06403437 -0.01513469 0.25042962 0.54117647 0.42352941 0.64313725
v -0.06261678 -0.01491752 0.25042962 0.54117647 0.42352941 0.64313725
v -0.06088209 -0.01465692 0.25042962 0.54117647 0.42352941 0.64313725
v -0.05297341 0.03303256 0.13188568 0.54117647 0.42352941 0.64313725
v -0.05297341 0.03309771 0.12616220 0.54117647 0.42352941 0.64313725
v -0.05297341 0.02790747 -0.01679546 0.54117647 0.42352941 0.64313725
v -0.05297341 0.02745142 -0.02251894 0.54117647 0.42352941 0.64313725
v -0.05297341 0.02682165 -0.02824242 0.54117647 0.42352941 0.64313725
v 0.03590600 0.03120838 -0.03141136 0.54117647 0.42352941 0.64313725
v 0.04424368 0.02975336 -0.02824242 0.54117647 0.42352941 0.64313725
v -0.04724708 0.02740799 -0.03396589 0.54117647 0.42352941 0.64313725
v -0.00723736 0.03090435 -0.04745003 0.54117647 0.42352941 0.64313725
v -0.00151102 0.03107808 -0.04803208 0.54117647 0.42352941 0.64313725
v -0.04152074 0.02864583 -0.03396589 0.54117647 0.42352941 0.64313725
v -0.03581306 0.02962307 -0.03396589 0.54117647 0.42352941 0.64313725
v -0.02760594 0.03120838 -0.03167005 0.54117647 0.42352941 0.64313725
v -0.02616969 0.03094778 -0.03548569 0.54117647 0.42352941 0.64313725
v -0.02430444 0.03140383 -0.03373955 0.54117647 0.42352941 0.64313725
v -0.01865272 0.03194674 -0.03396589 0.54117647 0.42352941 0.64313725
v -0.00723736 0.03155584 -0.04457213 0.54117647 0.42352941 0.64313725
v -0.00723736 0.03225077 -0.03968937 0.54117647 0.42352941 0.64313725
v -0.01294504 0.03238107 -0.03396589 0.54117647 0.42352941 0.64313725
v 0.00421531 0.03170786 -0.04531585 0.54117647 0.42352941 0.64313725
v 0.00992299 0.03166443 -0.04502483 0.54117647 0.42352941 0.64313725
v 0.01564932 0.03229420 -0.03968937 0.54117647 0.42352941 0.64313725
v 0.02186063 0.03172958 -0.04020675 0.54117647 0.42352941 0.64313725
v 0.02708334 0.03144726 -0.03852528 0.54117647 0.42352941 0.64313725
v 0.02708334 0.03207704 -0.03396589 0.54117647 0.42352941 0.64313725
v 0.03251124 0.03142555 -0.03357785 0.54117647 0.42352941 0.64313725
v 0.04997001 0.02960135 -0.01107197 0.54117647 0.42352941 0.64313725
v 0.04181885 0.03125181 -0.01679546 0.54117647 0.42352941 0.64313725
v 0.04153906 0.03118667 -0.02009373 0.54117647 0.42352941 0.64313725
v 0.04375872 0.03049174 -0.02219558 0.54117647 0.42352941 0.64313725
v 0.04077431 0.03099122 -0.02390938 0.54117647 0.42352941 0.64313725
v 0.04997001 0.02962307 -0.00538084 0.54117647 0.42352941 0.64313725
v 0.05567770 0.02827665 0.00034265 0.54117647 0.42352941 0.64313725
v 0.05567770 0.02805948 0.00606612 0.54117647 0.42352941 0.64313725
v 0.05567770 0.02773374 0.01178961 0.54117647 0.42352941 0.64313725
v 0.05567770 0.02727769 0.01751308 0.54117647 0.42352941 0.64313725
v 0.04997001 0.02745142 0.02896006 0.54117647 0.42352941 0.64313725
v 0.04997001 0.02805948 0.02323657 0.54117647 0.42352941 0.64313725
v -0.02851991 -0.01617708 0.25042962 0.54117647 0.42352941 0.64313725
v 0.04424368 0.02795090 0.03468353 0.54117647 0.42352941 0.64313725
v -0.03135510 0.03144726 0.13188568 0.54117647 0.42352941 0.64313725
v -0.03570115 0.03157756 0.13754449 0.54117647 0.42352941 0.64313725
v 0.04424368 0.02860239 0.02896006 0.54117647 0.42352941 0.64313725
v -0.04152074 0.03157756 0.14223321 0.54117647 0.42352941 0.64313725
v -0.04152074 0.03081749 0.14511112 0.54117647 0.42352941 0.64313725
v -0.04152074 0.03229420 0.13757682 0.54117647 0.42352941 0.64313725
v -0.04152074 0.02927560 0.14902379 0.54117647 0.42352941 0.64313725
v -0.03836846 -0.01454834 0.25042962 0.54117647 0.42352941 0.64313725
v -0.03562654 -0.01491752 0.25042962 0.54117647 0.42352941 0.64313725
v -0.03391050 -0.01519984 0.25042962 0.54117647 0.42352941 0.64313725
v -0.03008673 -0.01582962 0.25042962 0.54117647 0.42352941 0.64313725
v -0.05297341 0.03301084 0.12043872 0.54117647 0.42352941 0.64313725
v -0.05297341 0.03290226 0.11471524 0.54117647 0.42352941 0.64313725
v -0.05297341 0.03277196 0.10899176 0.54117647 0.42352941 0.64313725
v -0.02436040 0.03192502 -0.02251894 0.54117647 0.42352941 0.64313725
v -0.03025460 0.03138211 -0.02206624 0.54117647 0.42352941 0.64313725
v -0.03299653 0.03116495 -0.01983504 0.54117647 0.42352941 0.64313725
v -0.05868109 0.03218562 0.10899176 0.54117647 0.42352941 0.64313725
v -0.04724708 0.02908016 -0.01679546 0.54117647 0.42352941 0.64313725
v -0.04724708 0.03096950 0.14566084 0.54117647 0.42352941 0.64313725
v -0.04724708 0.03172958 0.14278293 0.54117647 0.42352941 0.64313725
v -0.04724708 0.03261995 0.13757682 0.54117647 0.42352941 0.64313725
v -0.05937123 -0.01450491 0.25042962 0.54117647 0.42352941 0.64313725
v -0.05840130 -0.01441804 0.25042962 0.54117647 0.42352941 0.64313725
v -0.04724708 0.03303256 0.13188568 0.54117647 0.42352941 0.64313725
v -0.04724708 0.03314114 0.12616220 0.54117647 0.42352941 0.64313725
v -0.04724708 0.03314114 0.12043872 0.54117647 0.42352941 0.64313725
v -0.03581306 0.03316286 0.08613018 0.54117647 0.42352941 0.64313725
v -0.03581306 0.03314114 0.08043903 0.54117647 0.42352941 0.64313725
v -0.00151102 0.03305428 -0.02824242 0.54117647 0.42352941 0.64313725
v -0.00723736 0.03285883 -0.02824242 0.54117647 0.42352941 0.64313725
v -0.01294504 0.03285883 -0.01107197 0.54117647 0.42352941 0.64313725
v -0.04724708 0.02868926 -0.02251894 0.54117647 0.42352941 0.64313725
v -0.04724708 0.02814635 -0.02824242 0.54117647 0.42352941 0.64313725
v 0.03280967 0.03194674 -0.02824242 0.54117647 0.42352941 0.64313725
v 0.03681997 0.03136040 -0.02824242 0.54117647 0.42352941 0.64313725
v -0.00151102 0.03166443 -0.04518651 0.54117647 0.42352941 0.64313725
v -0.04152074 0.02925389 -0.02824242 0.54117647 0.42352941 0.64313725
v -0.02842665 0.03131696 -0.02824242 0.54117647 0.42352941 0.64313725
v -0.02436040 0.03172958 -0.02824242 0.54117647 0.42352941 0.64313725
v -0.01865272 0.03222905 -0.02824242 0.54117647 0.42352941 0.64313725
v -0.00151102 0.03246793 -0.03968937 0.54117647 0.42352941 0.64313725
v -0.00723736 0.03270681 -0.03396589 0.54117647 0.42352941 0.64313725
v -0.01294504 0.03259823 -0.02824242 0.54117647 0.42352941 0.64313725
v 0.00421531 0.03257652 -0.03968937 0.54117647 0.42352941 0.64313725
v 0.00992299 0.03251137 -0.03968937 0.54117647 0.42352941 0.64313725
v 0.01564932 0.03290226 -0.03396589 0.54117647 0.42352941 0.64313725
v 0.02137566 0.03259823 -0.03396589 0.54117647 0.42352941 0.64313725
v 0.02708334 0.03257652 -0.02824242 0.54117647 0.42352941 0.64313725
v 0.04207999 0.03127353 -0.01107197 0.54117647 0.42352941 0.64313725
v 0.03853601 0.03172958 -0.01679546 0.54117647 0.42352941 0.64313725
v 0.03874118 0.03151241 -0.02219558 0.54117647 0.42352941 0.64313725
v 0.04185616 0.03125181 -0.00538084 0.54117647 0.42352941 0.64313725
v 0.04997001 0.02949277 0.00034265 0.54117647 0.42352941 0.64313725
v 0.04997001 0.02929732 0.00606612 0.54117647 0.42352941 0.64313725
v 0.04997001 0.02899329 0.01178961 0.54117647 0.42352941 0.64313725
v 0.04997001 0.02858068 0.01751308 0.54117647 0.42352941 0.64313725
v -0.03581306 0.03207704 0.13188568 0.54117647 0.42352941 0.64313725
v 0.04424368 0.02912359 0.02323657 0.54117647 0.42352941 0.64313725
v -0.04152074 0.03268510 0.13188568 0.54117647 0.42352941 0.64313725
v -0.04146479 -0.01435289 0.25042962 0.54117647 0.42352941 0.64313725
v -0.04152074 0.02964478 -0.02251894 0.54117647 0.42352941 0.64313725
v -0.05297341 -0.01413573 0.25042962 0.54117647 0.42352941 0.64313725
v -0.05138794 -0.01413573 0.25042962 0.54117647 0.42352941 0.64313725
v -0.04724708 -0.01415745 0.25042962 0.54117647 0.42352941 0.64313725
v -0.04152074 0.03288055 0.12616220 0.54117647 0.42352941 0.64313725
v -0.04152074 0.03303256 0.12043872 0.54117647 0.42352941 0.64313725
v -0.03581306 0.03316286 0.09182132 0.54117647 0.42352941 0.64313725
v 0.02137566 0.03290226 -0.01107197 0.54117647 0.42352941 0.64313725
v 0.02137566 0.03298913 -0.01679546 0.54117647 0.42352941 0.64313725
v 0.01564932 0.03311943 -0.01679546 0.54117647 0.42352941 0.64313725
v 0.00992299 0.03318458 -0.01107197 0.54117647 0.42352941 0.64313725
v 0.00992299 0.03322801 -0.02251894 0.54117647 0.42352941 0.64313725
v -0.00151102 0.03320629 0.00034265 0.54117647 0.42352941 0.64313725
v -0.03008673 0.03316286 0.06899207 0.54117647 0.42352941 0.64313725
v 0.00421531 0.03316286 -0.02824242 0.54117647 0.42352941 0.64313725
v -0.00151102 0.03309771 -0.02251894 0.54117647 0.42352941 0.64313725
v 0.00421531 0.03303256 -0.03396589 0.54117647 0.42352941 0.64313725
v -0.00151102 0.03290226 -0.03396589 0.54117647 0.42352941 0.64313725
v 0.03280967 0.03229420 -0.02251894 0.54117647 0.42352941 0.64313725
v 0.00992299 0.03303256 -0.03396589 0.54117647 0.42352941 0.64313725
v 0.01564932 0.03314114 -0.02824242 0.54117647 0.42352941 0.64313725
v 0.02137566 0.03296741 -0.02824242 0.54117647 0.42352941 0.64313725
v 0.02708334 0.03277196 -0.02251894 0.54117647 0.42352941 0.64313725
v 0.03853601 0.03175129 -0.01107197 0.54117647 0.42352941 0.64313725
v 0.03280967 0.03238107 -0.01679546 0.54117647 0.42352941 0.64313725
v 0.03853601 0.03162099 -0.00538084 0.54117647 0.42352941 0.64313725
v 0.04152041 0.03118667 -0.00201789 0.54117647 0.42352941 0.64313725
v 0.04424368 0.02988366 0.01178961 0.54117647 0.42352941 0.64313725
v 0.04424368 0.02951448 0.01751308 0.54117647 0.42352941 0.64313725
v -0.03581306 0.03242450 0.12616220 0.54117647 0.42352941 0.64313725
v 0.03612982 0.03120838 0.00988179 0.54117647 0.42352941 0.64313725
v 0.03702515 0.03131696 0.00606612 0.54117647 0.42352941 0.64313725
v 0.03280967 0.03170786 0.00606612 0.54117647 0.42352941 0.64313725
v -0.03581306 0.03268510 0.12043872 0.54117647 0.42352941 0.64313725
v 0.03280967 0.03214219 -0.00538084 0.54117647 0.42352941 0.64313725
v 0.02708334 0.03233764 0.00034265 0.54117647 0.42352941 0.64313725
v 0.02708334 0.03251137 -0.00538084 0.54117647 0.42352941 0.64313725
v 0.02708334 0.03266338 -0.01107197 0.54117647 0.42352941 0.64313725
v 0.02708334 0.03277196 -0.01679546 0.54117647 0.42352941 0.64313725
v 0.02137566 0.03303256 -0.02251894 0.54117647 0.42352941 0.64313725
v 0.01564932 0.03316286 -0.02251894 0.54117647 0.42352941 0.64313725
v 0.00992299 0.03320629 -0.02824242 0.54117647 0.42352941 0.64313725
v 0.00421531 0.03320629 -0.01679546 0.54117647 0.42352941 0.64313725
v 0.03280967 0.03231592 -0.01107197 0.54117647 0.42352941 0.64313725
v 0.03280967 0.03194674 0.00034265 0.54117647 0.42352941 0.64313725
v 0.03875984 0.03140383 0.00008396 0.54117647 0.42352941 0.64313725
f 586 587 588
f 586 588 595
f 586 595 589
f 586 589 597
f 586 597 590
f 586 590 591
f 586 591 592
f 586 592 593
f 586 593 594
f 586 594 587
f 587 594 596
f 587 596 588
f 588 596 595
f 589 595 598
f 589 598 599
f 589 599 597
f 590 597 600
f 590 600 618
f 590 618 601
f 590 601 602
f 590 602 591
f 591 602 603
f 591 603 592
f 592 603 604
f 592 604 605
f 592 605 593
f 593 605 606
f 593 606 594
f 594 606 607
f 594 607 596
f 595 608 609
f 595 609 612
f 595 612 598
f 595 596 608
f 596 607 608
f 597 610 600
f 597 599 611
f 597 611 610
f 598 612 613
f 598 613 614
f 598 614 599
f 599 614 615
f 599 615 611
f 600 610 616
f 600 616 617
f 600 617 618
f 601 618 619
f 601 619 602
f 602 619 603
f 603 619 620
f 603 620 604
f 604 620 605
f 605 620 621
f 605 621 606
f 606 621 607
f 607 621 609
f 607 609 608
f 609 622 612
f 609 621 622
f 610 623 616
f 610 611 624
f 610 624 623
f 611 615 625
f 611 625 624
f 612 626 627
f 612 627 613
f 612 622 626
f 613 627 628
f 613 628 614
f 614 628 629
f 614 629 615
f 615 629 630
f 615 630 625
f 616 623 631
f 616 631 632
f 616 632 617
f 617 632 633
f 617 633 634
f 617 634 635
f 617 635 618
f 618 635 636
f 618 636 619
f 619 636 620
f 620 637 638
f 620 638 621
f 620 636 637
f 621 638 666
f 621 666 639
f 621 639 640
f 621 640 642
f 621 642 641
f 621 641 622
f 622 641 642
f 622 642 626
f 623 643 631
f 623 624 644
f 623 644 643
f 624 625 645
f 624 645 644
f 625 630 646
f 625 646 645
f 626 647 627
f 626 642 647
f 627 647 648
f 627 648 649
f 627 649 650
f 627 650 628
f 628 650 651
f 628 651 652
f 628 652 629
f 629 652 653
f 629 653 630
f 630 653 654
f 630 654 655
f 630 655 646
f 631 643 656
f 631 656 657
f 631 657 632
f 632 657 658
f 632 658 633
f 633 658 659
f 633 659 660
f 633 660 661
f 633 661 634
f 634 661 662
f 634 662 636
f 634 636 635
f 636 662 637
f 637 663 664
f 637 664 638
f 637 662 663
f 638 664 665
f 638 665 666
f 639 667 640
f 639 666 668
f 639 668 669
f 639 669 670
f 639 670 671
f 639 671 667
f 640 667 642
f 642 671 672
f 642 672 647
f 642 667 671
f 643 673 656
f 643 644 674
f 643 674 675
f 643 675 673
f 644 645 676
f 644 676 677
f 644 677 674
f 645 646 678
f 645 678 679
f 645 679 676
f 646 655 680
f 646 680 678
f 647 681 648
f 647 672 681
f 648 681 682
f 648 682 683
f 648 683 684
f 648 684 649
f 649 684 685
f 649 685 650
f 650 685 651
f 651 685 686
f 651 686 652
f 652 686 687
f 652 687 653
f 653 687 688
f 653 688 689
f 653 689 654
f 654 689 655
f 655 689 690
f 655 690 691
f 655 691 680
f 656 673 692
f 656 692 693
f 656 693 694
f 656 694 657
f 657 694 695
f 657 695 658
f 658 695 696
f 658 696 659
f 659 696 697
f 659 697 698
f 659 698 699
f 659 699 660
f 660 700 661
f 660 699 663
f 660 663 662
f 660 662 700
f 661 700 662
f 663 701 702
f 663 702 703
f 663 703 664
f 663 699 704
f 663 704 705
f 663 705 706
f 663 706 701
f 664 703 707
f 664 707 708
f 664 708 665
f 665 708 709
f 665 709 710
f 665 710 666
f 666 710 711
f 666 711 668
f 668 711 712
f 668 712 713
f 668 713 714
f 668 714 669
f 669 714 715
f 669 715 716
f 669 716 717
f 669 717 670
f 670 717 718
f 670 718 672
f 670 672 671
f 672 718 681
f 673 675 692
f 674 677 675
f 675 677 719
f 675 719 720
f 675 720 721
f 675 721 722
f 675 722 692
f 676 679 677
f 677 679 723
f 677 723 724
f 677 724 720
f 677 720 719
f 678 680 725
f 678 725 679
f 679 725 726
f 679 726 727
f 679 727 728
f 679 728 729
f 679 729 723
f 680 691 726
f 680 726 725
f 681 730 682
f 681 718 730
f 682 730 731
f 682 731 732
f 682 732 683
f 683 733 734
f 683 734 735
f 683 735 736
f 683 736 685
f 683 685 684
f 683 732 731
f 683 731 737
f 683 737 733
f 685 736 735
f 685 735 738
f 685 738 739
f 685 739 686
f 686 739 740
f 686 740 687
f 687 740 741
f 687 741 688
f 688 741 742
f 688 742 689
f 689 742 743
f 689 743 690
f 690 744 726
f 690 726 691
f 690 743 745
f 690 745 746
f 690 746 744
f 692 747 748
f 692 748 749
f 692 749 693
f 692 722 747
f 693 749 750
f 693 750 694
f 694 750 751
f 694 751 752
f 694 752 695
f 695 752 753
f 695 753 696
f 696 753 754
f 696 754 697
f 697 754 755
f 697 755 756
f 697 756 698
f 698 756 757
f 698 757 706
f 698 706 704
f 698 704 699
f 701 706 702
f 702 758 759
f 702 759 703
f 702 706 760
f 702 760 761
f 702 761 762
f 702 762 763
f 702 763 758
f 703 759 764
f 703 764 707
f 704 706 705
f 706 757 756
f 706 756 760
f 707 764 765
f 707 765 766
f 707 766 708
f 708 766 767
f 708 767 768
f 708 768 709
f 709 769 710
f 709 768 770
f 709 770 769
f 710 769 771
f 710 771 772
f 710 772 711
f 711 772 773
f 711 773 774
f 711 774 712
f 712 774 775
f 712 775 776
f 712 776 713
f 713 777 714
f 713 776 778
f 713 778 779
f 713 779 780
f 713 780 777
f 714 777 780
f 714 780 781
f 714 781 715
f 715 781 716
f 716 781 782
f 716 782 783
f 716 783 717
f 717 783 784
f 717 784 785
f 717 785 718
f 718 785 730
f 720 786 722
f 720 722 721
f 720 724 729
f 720 729 787
f 720 787 786
f 722 788 748
f 722 748 747
f 722 786 788
f 723 729 724
f 726 744 727
f 727 744 789
f 727 789 790
f 727 790 729
f 727 729 728
f 729 790 787
f 730 791 731
f 730 785 791
f 731 792 737
f 731 791 793
f 731 793 792
f 733 794 795
f 733 795 734
f 733 737 794
f 734 795 796
f 734 796 797
f 734 797 735
f 735 797 738
f 737 792 798
f 737 798 794
f 738 797 739
f 739 797 799
f 739 799 800
f 739 800 740
f 740 800 801
f 740 801 741
f 741 801 802
f 741 802 742
f 742 802 743
f 743 802 745
f 744 746 803
f 744 803 804
f 744 804 789
f 745 802 805
f 745 805 806
f 745 806 746
f 746 806 807
f 746 807 803
f 748 808 809
f 748 809 749
f 748 788 808
f 749 809 810
f 749 810 750
f 750 810 751
f 751 811 812
f 751 812 813
f 751 813 752
f 751 810 811
f 752 813 753
f 753 813 814
f 753 814 754
f 754 814 815
f 754 815 755
f 755 815 816
f 755 816 756
f 756 816 817
f 756 817 818
f 756 818 760
f 758 819 759
f 758 763 820
f 758 820 821
f 758 821 819
f 759 819 764
f 760 818 762
f 760 762 761
f 762 818 817
f 762 817 763
f 763 817 822
f 763 822 823
f 763 823 820
f 764 824 765
f 764 819 824
f 765 825 826
f 765 826 766
f 765 824 825
f 766 826 827
f 766 827 828
f 766 828 829
f 766 829 830
f 766 830 767
f 767 830 831
f 767 831 832
f 767 832 768
f 768 832 833
f 768 833 834
f 768 834 835
f 768 835 770
f 769 770 836
f 769 836 771
f 770 835 837
f 770 837 838
f 770 838 836
f 771 836 839
f 771 839 840
f 771 840 772
f 772 840 773
f 773 840 841
f 773 841 842
f 773 842 774
f 774 842 775
f 775 842 843
f 775 843 844
f 775 844 776
f 776 844 845
f 776 845 846
f 776 846 778
f 778 846 922
f 778 922 847
f 778 847 848
f 778 848 779
f 779 848 849
f 779 849 780
f 780 849 850
f 780 850 851
f 780 851 782
f 780 782 781
f 782 851 850
f 782 850 783
f 783 850 784
f 784 852 793
f 784 793 785
f 784 850 853
f 784 853 852
f 785 793 791
f 786 787 854
f 786 854 855
f 786 855 788
f 787 790 856
f 787 856 857
f 787 857 854
f 788 855 858
f 788 858 859
f 788 859 808
f 789 804 860
f 789 860 861
f 789 861 790
f 790 861 862
f 790 862 856
f 792 863 798
f 792 793 852
f 792 852 864
f 792 864 863
f 794 865 866
f 794 866 795
f 794 798 865
f 795 866 867
f 795 867 868
f 795 868 796
f 796 868 869
f 796 869 870
f 796 870 797
f 797 870 871
f 797 871 799
f 798 863 872
f 798 872 865
f 799 871 873
f 799 873 874
f 799 874 800
f 800 874 875
f 800 875 801
f 801 875 876
f 801 876 802
f 802 876 877
f 802 877 805
f 803 807 878
f 803 878 879
f 803 879 804
f 804 879 860
f 805 877 880
f 805 880 881
f 805 881 806
f 806 881 882
f 806 882 807
f 807 882 883
f 807 883 878
f 808 884 885
f 808 885 809
f 808 859 886
f 808 886 884
f 809 885 887
f 809 887 810
f 810 887 811
f 811 888 889
f 811 889 812
f 811 887 890
f 811 890 888
f 812 889 891
f 812 891 892
f 812 892 813
f 813 892 814
f 814 892 893
f 814 893 815
f 815 893 894
f 815 894 895
f 815 895 816
f 816 895 817
f 817 895 896
f 817 896 822
f 819 897 898
f 819 898 824
f 819 821 899
f 819 899 900
f 819 900 897
f 820 823 821
f 821 823 901
f 821 901 902
f 821 902 900
f 821 900 899
f 822 903 823
f 822 896 903
f 823 903 901
f 824 898 825
f 825 898 904
f 825 904 905
f 825 905 906
f 825 906 907
f 825 907 908
f 825 908 826
f 826 908 909
f 826 909 827
f 827 909 908
f 827 908 907
f 827 907 906
f 827 906 905
f 827 905 983
f 827 983 1058
f 827 1058 1062
f 827 1062 1061
f 827 1061 1060
f 827 1060 1133
f 827 1133 1211
f 827 1211 1291
f 827 1291 1290
f 827 1290 1289
f 827 1289 1288
f 827 1288 1287
f 827 1287 1368
f 827 1368 1367
f 827 1367 1366
f 827 1366 1465
f 827 1465 1550
f 827 1550 1549
f 827 1549 1619
f 827 1619 1618
f 827 1618 1687
f 827 1687 1686
f 827 1686 1685
f 827 1685 1751
f 827 1751 1817
f 827 1817 1875
f 827 1875 1937
f 827 1937 1949
f 827 1949 1948
f 827 1948 1947
f 827 1947 1946
f 827 1946 1999
f 827 1999 2003
f 827 2003 2002
f 827 2002 2001
f 827 2001 1962
f 827 1962 1961
f 827 1961 1898
f 827 1898 1897
f 827 1897 1896
f 827 1896 1885
f 827 1885 1884
f 827 1884 1824
f 827 1824 1822
f 827 1822 1758
f 827 1758 1691
f 827 1691 1620
f 827 1620 1551
f 827 1551 1471
f 827 1471 1470
f 827 1470 1469
f 827 1469 1468
f 827 1468 1467
f 827 1467 1466
f 827 1466 1386
f 827 1386 1385
f 827 1385 1384
f 827 1384 1383
f 827 1383 1382
f 827 1382 1381
f 827 1381 1380
f 827 1380 1379
f 827 1379 1378
f 827 1378 1377
f 827 1377 1296
f 827 1296 1295
f 827 1295 1294
f 827 1294 1214
f 827 1214 1141
f 827 1141 1140
f 827 1140 1134
f 827 1134 1065
f 827 1065 1064
f 827 1064 1063
f 827 1063 988
f 827 988 986
f 827 986 985
f 827 985 912
f 827 912 910
f 827 910 838
f 827 838 837
f 827 837 835
f 827 835 834
f 827 834 833
f 827 833 832
f 827 832 831
f 827 831 830
f 827 830 829
f 827 829 828
f 836 838 910
f 836 910 839
f 839 911 840
f 839 910 912
f 839 912 911
f 840 911 841
f 841 911 913
f 841 913 914
f 841 914 915
f 841 915 842
f 842 915 843
f 843 915 916
f 843 916 917
f 843 917 844
f 844 917 918
f 844 918 845
f 845 918 919
f 845 919 846
f 846 920 921
f 846 921 922
f 846 919 920
f 847 922 923
f 847 923 924
f 847 924 848
f 848 924 925
f 848 925 849
f 849 925 853
f 849 853 850
f 852 853 864
f 853 926 864
f 853 925 926
f 854 857 927
f 854 927 928
f 854 928 855
f 855 928 929
f 855 929 858
f 856 862 930
f 856 930 857
f 857 930 927
f 858 929 931
f 858 931 932
f 858 932 859
f 859 932 886
f 860 933 861
f 860 879 934
f 860 934 933
f 861 933 862
f 862 933 935
f 862 935 930
f 863 936 872
f 863 864 937
f 863 937 936
f 864 926 937
f 865 938 939
f 865 939 940
f 865 940 866
f 865 872 938
f 866 940 941
f 866 941 867
f 867 941 942
f 867 942 868
f 868 942 869
f 869 942 943
f 869 943 944
f 869 944 870
f 870 944 871
f 871 944 945
f 871 945 873
f 872 936 946
f 872 946 947
f 872 947 938
f 873 945 948
f 873 948 949
f 873 949 874
f 874 949 950
f 874 950 875
f 875 950 876
f 876 950 951
f 876 951 880
f 876 880 877
f 878 883 952
f 878 952 879
f 879 952 934
f 880 951 953
f 880 953 954
f 880 954 955
f 880 955 881
f 881 955 882
f 882 955 956
f 882 956 883
f 883 956 957
f 883 957 958
f 883 958 952
f 884 959 960
f 884 960 885
f 884 886 959
f 885 960 961
f 885 961 887
f 886 932 962
f 886 962 959
f 887 961 890
f 888 963 964
f 888 964 889
f 888 890 963
f 889 964 965
f 889 965 891
f 890 961 966
f 890 966 963
f 891 965 967
f 891 967 968
f 891 968 892
f 892 968 893
f 893 968 969
f 893 969 894
f 894 969 970
f 894 970 971
f 894 971 896
f 894 896 895
f 896 971 972
f 896 972 903
f 897 973 974
f 897 974 975
f 897 975 898
f 897 900 976
f 897 976 973
f 898 975 977
f 898 977 904
f 900 902 978
f 900 978 979
f 900 979 980
f 900 980 976
f 901 981 902
f 901 903 982
f 901 982 981
f 902 981 978
f 903 972 982
f 904 977 905
f 905 977 984
f 905 984 983
f 911 912 985
f 911 985 986
f 911 986 913
f 913 987 914
f 913 986 988
f 913 988 987
f 914 987 989
f 914 989 915
f 915 989 990
f 915 990 916
f 916 990 991
f 916 991 992
f 916 992 917
f 917 992 993
f 917 993 918
f 918 993 994
f 918 994 995
f 918 995 921
f 918 921 920
f 918 920 919
f 921 995 994
f 921 994 996
f 921 996 997
f 921 997 998
f 921 998 922
f 922 998 923
f 923 998 999
f 923 999 924
f 924 999 1000
f 924 1000 926
f 924 926 925
f 926 1000 937
f 927 1001 929
f 927 929 928
f 927 930 1002
f 927 1002 1003
f 927 1003 1001
f 929 1001 1004
f 929 1004 931
f 930 935 1005
f 930 1005 1002
f 931 1006 932
f 931 1004 1006
f 932 1006 962
f 933 934 1007
f 933 1007 935
f 934 952 1008
f 934 1008 1007
f 935 1007 1005
f 936 937 1009
f 936 1009 1010
f 936 1010 946
f 937 1000 1011
f 937 1011 1009
f 938 947 939
f 939 1012 1013
f 939 1013 1014
f 939 1014 941
f 939 941 940
f 939 947 1012
f 941 1014 1015
f 941 1015 1016
f 941 1016 942
f 942 1016 1017
f 942 1017 943
f 943 1017 1018
f 943 1018 944
f 944 1018 1019
f 944 1019 945
f 945 1019 948
f 946 1010 1020
f 946 1020 947
f 947 1021 1012
f 947 1020 1021
f 948 1019 1022
f 948 1022 1023
f 948 1023 949
f 949 1023 950
f 950 1023 1024
f 950 1024 951
f 951 1024 953
f 952 958 1025
f 952 1025 1026
f 952 1026 1008
f 953 1024 1027
f 953 1027 1028
f 953 1028 954
f 954 1028 1029
f 954 1029 1030
f 954 1030 955
f 955 1030 1031
f 955 1031 956
f 956 1031 957
f 957 1025 958
f 957 1031 1032
f 957 1032 1033
f 957 1033 1034
f 957 1034 1035
f 957 1035 1036
f 957 1036 1037
f 957 1037 1026
f 957 1026 1025
f 959 1038 1039
f 959 1039 960
f 959 962 1038
f 960 1039 961
f 961 1039 966
f 962 1006 1040
f 962 1040 1038
f 963 966 1041
f 963 1041 1042
f 963 1042 964
f 964 1042 1043
f 964 1043 965
f 965 1043 1044
f 965 1044 967
f 966 1045 1041
f 966 1039 1045
f 967 1044 1046
f 967 1046 1047
f 967 1047 969
f 967 969 968
f 969 1047 970
f 970 1048 1049
f 970 1049 971
f 970 1047 1048
f 971 1049 972
f 972 1050 982
f 972 1049 1050
f 973 976 974
f 974 1051 1052
f 974 1052 975
f 974 976 979
f 974 979 1053
f 974 1053 1054
f 974 1054 1051
f 975 1055 984
f 975 984 977
f 975 1052 1055
f 976 980 979
f 978 1056 979
f 978 981 1056
f 979 1054 1053
f 979 1056 1054
f 981 982 1057
f 981 1057 1056
f 982 1050 1057
f 983 984 1058
f 984 1055 1052
f 984 1052 1059
f 984 1059 1060
f 984 1060 1061
f 984 1061 1062
f 984 1062 1058
f 987 988 1063
f 987 1063 989
f 989 1063 1064
f 989 1064 1065
f 989 1065 1066
f 989 1066 1067
f 989 1067 990
f 990 1067 991
f 991 1068 1069
f 991 1069 992
f 991 1067 1070
f 991 1070 1068
f 992 1069 1071
f 992 1071 993
f 993 1071 1072
f 993 1072 1073
f 993 1073 994
f 994 1073 996
f 996 1073 1074
f 996 1074 997
f 997 1074 1075
f 997 1075 1076
f 997 1076 998
f 998 1076 999
f 999 1076 1077
f 999 1077 1000
f 1000 1077 1011
f 1001 1003 1004
f 1002 1005 1003
f 1003 1005 1078
f 1003 1078 1079
f 1003 1079 1080
f 1003 1080 1004
f 1004 1081 1006
f 1004 1080 1081
f 1005 1007 1082
f 1005 1082 1078
f 1006 1083 1084
f 1006 1084 1040
f 1006 1081 1085
f 1006 1085 1083
f 1007 1008 1086
f 1007 1086 1087
f 1007 1087 1082
f 1008 1026 1086
f 1009 1088 1010
f 1009 1011 1077
f 1009 1077 1089
f 1009 1089 1088
f 1010 1090 1020
f 1010 1088 1090
f 1012 1091 1013
f 1012 1021 1091
f 1013 1091 1092
f 1013 1092 1014
f 1014 1092 1015
f 1015 1092 1093
f 1015 1093 1017
f 1015 1017 1016
f 1017 1093 1094
f 1017 1094 1018
f 1018 1094 1095
f 1018 1095 1096
f 1018 1096 1097
f 1018 1097 1019
f 1019 1097 1022
f 1020 1090 1021
f 1021 1090 1098
f 1021 1098 1091
f 1022 1097 1099
f 1022 1099 1023
f 1023 1099 1100
f 1023 1100 1024
f 1024 1100 1027
f 1026 1037 1087
f 1026 1087 1086
f 1027 1100 1101
f 1027 1101 1102
f 1027 1102 1028
f 1028 1102 1029
f 1029 1102 1103
f 1029 1103 1030
f 1030 1103 1032
f 1030 1032 1031
f 1032 1103 1104
f 1032 1104 1105
f 1032 1105 1033
f 1033 1105 1106
f 1033 1106 1034
f 1034 1106 1107
f 1034 1107 1108
f 1034 1108 1109
f 1034 1109 1035
f 1035 1109 1036
f 1036 1109 1110
f 1036 1110 1111
f 1036 1111 1037
f 1037 1111 1110
f 1037 1110 1112
f 1037 1112 1113
f 1037 1113 1087
f 1038 1114 1115
f 1038 1115 1039
f 1038 1040 1114
f 1039 1115 1045
f 1040 1084 1116
f 1040 1116 1114
f 1041 1045 1117
f 1041 1117 1118
f 1041 1118 1119
f 1041 1119 1042
f 1042 1119 1120
f 1042 1120 1043
f 1043 1120 1121
f 1043 1121 1044
f 1044 1121 1046
f 1045 1115 1122
f 1045 1122 1117
f 1046 1123 1124
f 1046 1124 1125
f 1046 1125 1048
f 1046 1048 1047
f 1046 1121 1123
f 1048 1125 1126
f 1048 1126 1049
f 1049 1126 1050
f 1050 1126 1057
f 1051 1054 1052
f 1052 1060 1059
f 1052 1054 1127
f 1052 1127 1128
f 1052 1128 1129
f 1052 1129 1060
f 1054 1056 1130
f 1054 1130 1131
f 1054 1131 1127
f 1056 1057 1132
f 1056 1132 1130
f 1057 1126 1132
f 1060 1129 1128
f 1060 1128 1133
f 1065 1134 1135
f 1065 1135 1136
f 1065 1136 1137
f 1065 1137 1067
f 1065 1067 1066
f 1067 1137 1136
f 1067 1136 1070
f 1068 1138 1139
f 1068 1139 1069
f 1068 1070 1136
f 1068 1136 1135
f 1068 1135 1140
f 1068 1140 1141
f 1068 1141 1142
f 1068 1142 1138
f 1069 1139 1143
f 1069 1143 1071
f 1071 1143 1144
f 1071 1144 1072
f 1072 1144 1145
f 1072 1145 1073
f 1073 1145 1146
f 1073 1146 1147
f 1073 1147 1148
f 1073 1148 1149
f 1073 1149 1150
f 1073 1150 1151
f 1073 1151 1152
f 1073 1152 1153
f 1073 1153 1154
f 1073 1154 1074
f 1074 1154 1075
f 1075 1154 1153
f 1075 1153 1155
f 1075 1155 1156
f 1075 1156 1076
f 1076 1156 1077
f 1077 1156 1089
f 1078 1082 1157
f 1078 1157 1079
f 1079 1158 1159
f 1079 1159 1080
f 1079 1157 1160
f 1079 1160 1158
f 1080 1159 1081
f 1081 1159 1085
f 1082 1087 1157
f 1083 1085 1084
f 1084 1085 1158
f 1084 1158 1161
f 1084 1161 1162
f 1084 1162 1163
f 1084 1163 1164
f 1084 1164 1165
f 1084 1165 1166
f 1084 1166 1167
f 1084 1167 1122
f 1084 1122 1116
f 1085 1159 1158
f 1087 1113 1168
f 1087 1168 1160
f 1087 1160 1157
f 1088 1089 1156
f 1088 1156 1169
f 1088 1169 1090
f 1090 1170 1098
f 1090 1169 1170
f 1091 1098 1171
f 1091 1171 1172
f 1091 1172 1173
f 1091 1173 1092
f 1092 1173 1174
f 1092 1174 1175
f 1092 1175 1093
f 1093 1175 1176
f 1093 1176 1177
f 1093 1177 1094
f 1094 1177 1095
f 1095 1178 1179
f 1095 1179 1180
f 1095 1180 1181
f 1095 1181 1099
f 1095 1099 1096
f 1095 1177 1176
f 1095 1176 1178
f 1096 1099 1097
f 1098 1182 1183
f 1098 1183 1171
f 1098 1170 1182
f 1099 1181 1184
f 1099 1184 1185
f 1099 1185 1101
f 1099 1101 1100
f 1101 1185 1186
f 1101 1186 1187
f 1101 1187 1102
f 1102 1187 1103
f 1103 1187 1104
f 1104 1187 1188
f 1104 1188 1189
f 1104 1189 1105
f 1105 1189 1106
f 1106 1189 1190
f 1106 1190 1107
f 1107 1190 1191
f 1107 1191 1192
f 1107 1192 1108
f 1108 1192 1109
f 1109 1192 1193
f 1109 1193 1194
f 1109 1194 1110
f 1110 1195 1196
f 1110 1196 1197
f 1110 1197 1113
f 1110 1113 1112
f 1110 1194 1195
f 1113 1197 1198
f 1113 1198 1168
f 1114 1122 1115
f 1114 1116 1122
f 1117 1199 1200
f 1117 1200 1118
f 1117 1122 1199
f 1118 1200 1119
f 1119 1200 1201
f 1119 1201 1120
f 1120 1201 1121
f 1121 1202 1123
f 1121 1201 1202
f 1122 1167 1203
f 1122 1203 1204
f 1122 1204 1199
f 1123 1202 1124
f 1124 1202 1205
f 1124 1205 1206
f 1124 1206 1125
f 1125 1206 1207
f 1125 1207 1132
f 1125 1132 1126
f 1127 1131 1128
f 1128 1131 1208
f 1128 1208 1133
f 1130 1132 1209
f 1130 1209 1210
f 1130 1210 1208
f 1130 1208 1131
f 1132 1207 1209
f 1133 1208 1211
f 1134 1140 1135
f 1138 1212 1139
f 1138 1142 1213
f 1138 1213 1212
f 1139 1212 1143
f 1141 1214 1215
f 1141 1215 1216
f 1141 1216 1213
f 1141 1213 1142
f 1143 1212 1144
f 1144 1217 1218
f 1144 1218 1145
f 1144 1212 1217
f 1145 1218 1219
f 1145 1219 1146
f 1146 1219 1220
f 1146 1220 1221
f 1146 1221 1222
f 1146 1222 1147
f 1147 1222 1217
f 1147 1217 1223
f 1147 1223 1224
f 1147 1224 1148
f 1148 1225 1226
f 1148 1226 1149
f 1148 1224 1225
f 1149 1226 1150
f 1150 1226 1151
f 1151 1226 1227
f 1151 1227 1228
f 1151 1228 1152
f 1152 1228 1229
f 1152 1229 1230
f 1152 1230 1231
f 1152 1231 1232
f 1152 1232 1233
f 1152 1233 1234
f 1152 1234 1153
f 1153 1234 1155
f 1155 1234 1169
f 1155 1169 1156
f 1158 1160 1235
f 1158 1235 1236
f 1158 1236 1237
f 1158 1237 1161
f 1160 1168 1238
f 1160 1238 1239
f 1160 1239 1235
f 1161 1240 1241
f 1161 1241 1162
f 1161 1237 1236
f 1161 1236 1240
f 1162 1241 1163
f 1163 1241 1164
f 1164 1241 1242
f 1164 1242 1243
f 1164 1243 1244
f 1164 1244 1166
f 1164 1166 1165
f 1166 1245 1246
f 1166 1246 1247
f 1166 1247 1248
f 1166 1248 1203
f 1166 1203 1167
f 1166 1244 1245
f 1168 1239 1238
f 1168 1198 1239
f 1169 1234 1170
f 1170 1234 1233
f 1170 1233 1182
f 1171 1183 1172
f 1172 1249 1250
f 1172 1250 1174
f 1172 1174 1173
f 1172 1183 1249
f 1174 1250 1251
f 1174 1251 1176
f 1174 1176 1175
f 1176 1252 1253
f 1176 1253 1254
f 1176 1254 1178
f 1176 1251 1255
f 1176 1255 1252
f 1178 1254 1256
f 1178 1256 1257
f 1178 1257 1258
f 1178 1258 1259
f 1178 1259 1179
f 1179 1259 1180
f 1180 1259 1181
f 1181 1259 1184
f 1182 1233 1183
f 1183 1260 1261
f 1183 1261 1249
f 1183 1233 1232
f 1183 1232 1260
f 1184 1262 1185
f 1184 1259 1262
f 1185 1262 1186
f 1186 1263 1266
f 1186 1266 1187
f 1186 1262 1264
f 1186 1264 1265
f 1186 1265 1263
f 1187 1266 1188
f 1188 1267 1189
f 1188 1266 1267
f 1189 1267 1268
f 1189 1268 1269
f 1189 1269 1270
f 1189 1270 1190
f 1190 1270 1191
f 1191 1270 1192
f 1192 1271 1193
f 1192 1270 1271
f 1193 1271 1194
f 1194 1271 1272
f 1194 1272 1273
f 1194 1273 1195
f 1195 1273 1196
f 1196 1273 1274
f 1196 1274 1275
f 1196 1275 1197
f 1197 1275 1276
f 1197 1276 1198
f 1198 1276 1277
f 1198 1277 1239
f 1199 1204 1278
f 1199 1278 1279
f 1199 1279 1200
f 1200 1279 1280
f 1200 1280 1201
f 1201 1280 1202
f 1202 1281 1205
f 1202 1280 1281
f 1203 1248 1204
f 1204 1248 1278
f 1205 1282 1283
f 1205 1283 1206
f 1205 1281 1282
f 1206 1284 1285
f 1206 1285 1208
f 1206 1208 1210
f 1206 1210 1209
f 1206 1209 1207
f 1206 1283 1284
f 1208 1285 1286
f 1208 1286 1287
f 1208 1287 1288
f 1208 1288 1289
f 1208 1289 1290
f 1208 1290 1291
f 1208 1291 1211
f 1212 1213 1224
f 1212 1224 1217
f 1213 1216 1215
f 1213 1215 1292
f 1213 1292 1293
f 1213 1293 1298
f 1213 1298 1224
f 1214 1294 1215
f 1215 1294 1295
f 1215 1295 1296
f 1215 1296 1297
f 1215 1297 1292
f 1217 1222 1221
f 1217 1221 1220
f 1217 1220 1219
f 1217 1219 1218
f 1217 1224 1223
f 1224 1298 1299
f 1224 1299 1300
f 1224 1300 1225
f 1225 1300 1226
f 1226 1301 1302
f 1226 1302 1303
f 1226 1303 1228
f 1226 1228 1227
f 1226 1300 1301
f 1228 1303 1229
f 1229 1303 1230
f 1230 1304 1305
f 1230 1305 1306
f 1230 1306 1307
f 1230 1307 1231
f 1230 1303 1308
f 1230 1308 1304
f 1231 1307 1232
f 1232 1307 1309
f 1232 1309 1260
f 1235 1239 1236
f 1236 1239 1310
f 1236 1310 1311
f 1236 1311 1240
f 1239 1277 1312
f 1239 1312 1310
f 1240 1311 1313
f 1240 1313 1241
f 1241 1314 1315
f 1241 1315 1242
f 1241 1313 1316
f 1241 1316 1314
f 1242 1315 1317
f 1242 1317 1243
f 1243 1317 1244
f 1244 1317 1412
f 1244 1412 1318
f 1244 1318 1245
f 1245 1319 1320
f 1245 1320 1321
f 1245 1321 1246
f 1245 1318 1319
f 1246 1321 1247
f 1247 1321 1320
f 1247 1320 1322
f 1247 1322 1323
f 1247 1323 1248
f 1248 1323 1278
f 1249 1261 1324
f 1249 1324 1325
f 1249 1325 1326
f 1249 1326 1250
f 1250 1326 1251
f 1251 1326 1327
f 1251 1327 1255
f 1252 1255 1328
f 1252 1328 1329
f 1252 1329 1330
f 1252 1330 1256
f 1252 1256 1253
f 1253 1256 1254
f 1255 1327 1328
f 1256 1331 1332
f 1256 1332 1333
f 1256 1333 1257
f 1256 1330 1331
f 1257 1333 1258
f 1258 1334 1335
f 1258 1335 1259
f 1258 1333 1332
f 1258 1332 1334
f 1259 1335 1336
f 1259 1336 1337
f 1259 1337 1262
f 1260 1309 1307
f 1260 1307 1338
f 1260 1338 1324
f 1260 1324 1261
f 1262 1337 1341
f 1262 1341 1264
f 1263 1265 1339
f 1263 1339 1340
f 1263 1340 1266
f 1264 1341 1265
f 1265 1341 1342
f 1265 1342 1343
f 1265 1343 1344
f 1265 1344 1339
f 1266 1340 1345
f 1266 1345 1346
f 1266 1346 1267
f 1267 1346 1268
f 1268 1346 1347
f 1268 1347 1269
f 1269 1347 1348
f 1269 1348 1270
f 1270 1348 1349
f 1270 1349 1350
f 1270 1350 1351
f 1270 1351 1271
f 1271 1351 1272
f 1272 1351 1273
f 1273 1351 1274
f 1274 1351 1275
f 1275 1351 1276
f 1276 1351 1352
f 1276 1352 1353
f 1276 1353 1354
f 1276 1354 1355
f 1276 1355 1356
f 1276 1356 1357
f 1276 1357 1277
f 1277 1357 1356
f 1277 1356 1312
f 1278 1323 1358
f 1278 1358 1359
f 1278 1359 1279
f 1279 1359 1459
f 1279 1459 1360
f 1279 1360 1280
f 1280 1360 1281
f 1281 1361 1362
f 1281 1362 1282
f 1281 1360 1459
f 1281 1459 1361
f 1282 1362 1462
f 1282 1462 1363
f 1282 1363 1283
f 1283 1363 1284
f 1284 1286 1285
f 1284 1363 1286
f 1286 1363 1364
f 1286 1364 1365
f 1286 1365 1366
f 1286 1366 1367
f 1286 1367 1368
f 1286 1368 1287
f 1292 1369 1293
f 1292 1297 1370
f 1292 1370 1369
f 1293 1369 1370
f 1293 1370 1371
f 1293 1371 1372
f 1293 1372 1373
f 1293 1373 1374
f 1293 1374 1375
f 1293 1375 1376
f 1293 1376 1298
f 1296 1377 1297
f 1297 1377 1378
f 1297 1378 1379
f 1297 1379 1380
f 1297 1380 1381
f 1297 1381 1382
f 1297 1382 1383
f 1297 1383 1384
f 1297 1384 1385
f 1297 1385 1386
f 1297 1386 1370
f 1298 1376 1387
f 1298 1387 1388
f 1298 1388 1389
f 1298 1389 1390
f 1298 1390 1391
f 1298 1391 1392
f 1298 1392 1299
f 1299 1392 1393
f 1299 1393 1394
f 1299 1394 1300
f 1300 1394 1392
f 1300 1392 1301
f 1301 1392 1395
f 1301 1395 1396
f 1301 1396 1302
f 1302 1396 1397
f 1302 1397 1303
f 1303 1397 1308
f 1304 1308 1398
f 1304 1398 1399
f 1304 1399 1305
f 1305 1399 1400
f 1305 1400 1401
f 1305 1401 1306
f 1306 1401 1497
f 1306 1497 1402
f 1306 1402 1403
f 1306 1403 1307
f 1307 1403 1404
f 1307 1404 1338
f 1308 1397 1491
f 1308 1491 1398
f 1310 1312 1405
f 1310 1405 1406
f 1310 1406 1407
f 1310 1407 1408
f 1310 1408 1409
f 1310 1409 1316
f 1310 1316 1311
f 1311 1316 1313
f 1312 1356 1406
f 1312 1406 1405
f 1314 1316 1410
f 1314 1410 1315
f 1315 1410 1411
f 1315 1411 1412
f 1315 1412 1317
f 1316 1413 1414
f 1316 1414 1410
f 1316 1409 1415
f 1316 1415 1413
f 1318 1412 1416
f 1318 1416 1319
f 1319 1417 1320
f 1319 1416 1417
f 1320 1417 1322
f 1322 1417 1418
f 1322 1418 1323
f 1323 1418 1358
f 1324 1419 1420
f 1324 1420 1325
f 1324 1338 1421
f 1324 1421 1422
f 1324 1422 1419
f 1325 1420 1326
f 1326 1423 1424
f 1326 1424 1327
f 1326 1420 1423
f 1327 1424 1328
f 1328 1424 1425
f 1328 1425 1329
f 1329 1426 1427
f 1329 1427 1330
f 1329 1425 1426
f 1330 1427 1331
f 1331 1428 1429
f 1331 1429 1332
f 1331 1427 1430
f 1331 1430 1428
f 1332 1429 1431
f 1332 1431 1334
f 1334 1431 1335
f 1335 1432 1433
f 1335 1433 1343
f 1335 1343 1336
f 1335 1431 1432
f 1336 1343 1341
f 1336 1341 1337
f 1338 1404 1498
f 1338 1498 1421
f 1339 1344 1434
f 1339 1434 1340
f 1340 1434 1435
f 1340 1435 1436
f 1340 1436 1345
f 1341 1343 1342
f 1343 1433 1431
f 1343 1431 1428
f 1343 1428 1437
f 1343 1437 1438
f 1343 1438 1439
f 1343 1439 1440
f 1343 1440 1434
f 1343 1434 1344
f 1345 1436 1441
f 1345 1441 1442
f 1345 1442 1346
f 1346 1442 1443
f 1346 1443 1347
f 1347 1444 1445
f 1347 1445 1446
f 1347 1446 1447
f 1347 1447 1348
f 1347 1443 1444
f 1348 1447 1448
f 1348 1448 1350
f 1348 1350 1349
f 1350 1448 1449
f 1350 1449 1450
f 1350 1450 1351
f 1351 1450 1449
f 1351 1449 1451
f 1351 1451 1352
f 1352 1452 1353
f 1352 1451 1449
f 1352 1449 1452
f 1353 1453 1454
f 1353 1454 1354
f 1353 1452 1453
f 1354 1453 1455
f 1354 1455 1415
f 1354 1415 1407
f 1354 1407 1406
f 1354 1406 1356
f 1354 1356 1355
f 1354 1454 1453
f 1358 1418 1456
f 1358 1456 1457
f 1358 1457 1458
f 1358 1458 1359
f 1359 1458 1459
f 1361 1459 1460
f 1361 1460 1461
f 1361 1461 1362
f 1362 1461 1462
f 1363 1462 1463
f 1363 1463 1364
f 1364 1463 1365
f 1365 1463 1464
f 1365 1464 1465
f 1365 1465 1366
f 1370 1386 1466
f 1370 1466 1467
f 1370 1467 1468
f 1370 1468 1469
f 1370 1469 1470
f 1370 1470 1471
f 1370 1471 1371
f 1371 1472 1372
f 1371 1471 1472
f 1372 1472 1473
f 1372 1473 1373
f 1373 1473 1474
f 1373 1474 1475
f 1373 1475 1476
f 1373 1476 1477
f 1373 1477 1374
f 1374 1477 1478
f 1374 1478 1376
f 1374 1376 1375
f 1376 1478 1479
f 1376 1479 1480
f 1376 1480 1387
f 1387 1480 1481
f 1387 1481 1482
f 1387 1482 1483
f 1387 1483 1388
f 1388 1483 1484
f 1388 1484 1389
f 1389 1484 1390
f 1390 1484 1485
f 1390 1485 1391
f 1391 1485 1484
f 1391 1484 1392
f 1392 1484 1486
f 1392 1486 1487
f 1392 1487 1488
f 1392 1488 1489
f 1392 1489 1490
f 1392 1490 1395
f 1392 1394 1393
f 1395 1490 1489
f 1395 1489 1491
f 1395 1491 1397
f 1395 1397 1396
f 1398 1491 1492
f 1398 1492 1399
f 1399 1493 1400
f 1399 1492 1493
f 1400 1493 1494
f 1400 1494 1495
f 1400 1495 1401
f 1401 1495 1496
f 1401 1496 1497
f 1402 1497 1498
f 1402 1498 1404
f 1402 1404 1403
f 1407 1415 1408
f 1408 1415 1409
f 1410 1414 1499
f 1410 1499 1500
f 1410 1500 1501
f 1410 1501 1417
f 1410 1417 1416
f 1410 1416 1411
f 1411 1416 1412
f 1413 1502 1414
f 1413 1415 1503
f 1413 1503 1504
f 1413 1504 1502
f 1414 1502 1500
f 1414 1500 1499
f 1415 1455 1504
f 1415 1504 1503
f 1417 1505 1506
f 1417 1506 1456
f 1417 1456 1418
f 1417 1501 1500
f 1417 1500 1505
f 1419 1507 1509
f 1419 1509 1420
f 1419 1422 1508
f 1419 1508 1507
f 1420 1509 1423
f 1421 1498 1510
f 1421 1510 1422
f 1422 1510 1494
f 1422 1494 1508
f 1423 1511 1512
f 1423 1512 1424
f 1423 1509 1511
f 1424 1512 1430
f 1424 1430 1425
f 1425 1430 1426
f 1426 1430 1427
f 1428 1430 1513
f 1428 1513 1438
f 1428 1438 1437
f 1428 1431 1429
f 1430 1512 1514
f 1430 1514 1515
f 1430 1515 1516
f 1430 1516 1513
f 1431 1433 1432
f 1434 1517 1518
f 1434 1518 1519
f 1434 1519 1435
f 1434 1440 1438
f 1434 1438 1520
f 1434 1520 1517
f 1435 1519 1521
f 1435 1521 1436
f 1436 1521 1441
f 1438 1440 1439
f 1438 1513 1515
f 1438 1515 1522
f 1438 1522 1523
f 1438 1523 1524
f 1438 1524 1525
f 1438 1525 1520
f 1441 1521 1526
f 1441 1526 1527
f 1441 1527 1442
f 1442 1527 1443
f 1443 1527 1444
f 1444 1527 1528
f 1444 1528 1529
f 1444 1529 1445
f 1445 1529 1530
f 1445 1530 1446
f 1446 1530 1531
f 1446 1531 1447
f 1447 1531 1448
f 1448 1531 1532
f 1448 1532 1533
f 1448 1533 1452
f 1448 1452 1449
f 1452 1533 1534
f 1452 1534 1535
f 1452 1535 1536
f 1452 1536 1453
f 1453 1536 1537
f 1453 1537 1504
f 1453 1504 1455
f 1456 1506 1538
f 1456 1538 1457
f 1457 1538 1539
f 1457 1539 1540
f 1457 1540 1458
f 1458 1540 1611
f 1458 1611 1541
f 1458 1541 1459
f 1459 1541 1460
f 1460 1542 1543
f 1460 1543 1461
f 1460 1541 1542
f 1461 1543 1544
f 1461 1544 1545
f 1461 1545 1462
f 1462 1545 1463
f 1463 1545 1464
f 1464 1545 1544
f 1464 1544 1546
f 1464 1546 1547
f 1464 1547 1548
f 1464 1548 1549
f 1464 1549 1550
f 1464 1550 1465
f 1471 1551 1473
f 1471 1473 1472
f 1473 1551 1474
f 1474 1552 1553
f 1474 1553 1475
f 1474 1551 1552
f 1475 1553 1476
f 1476 1554 1555
f 1476 1555 1477
f 1476 1553 1556
f 1476 1556 1554
f 1477 1557 1478
f 1477 1555 1557
f 1478 1557 1479
f 1479 1557 1558
f 1479 1558 1559
f 1479 1559 1560
f 1479 1560 1480
f 1480 1560 1481
f 1481 1561 1483
f 1481 1483 1482
f 1481 1560 1561
f 1483 1561 1484
f 1484 1560 1559
f 1484 1559 1562
f 1484 1562 1563
f 1484 1563 1564
f 1484 1564 1565
f 1484 1565 1486
f 1484 1561 1560
f 1486 1565 1488
f 1486 1488 1487
f 1488 1565 1566
f 1488 1566 1567
f 1488 1567 1493
f 1488 1493 1489
f 1489 1492 1491
f 1489 1493 1492
f 1493 1568 1569
f 1493 1569 1494
f 1493 1567 1566
f 1493 1566 1568
f 1494 1496 1495
f 1494 1569 1570
f 1494 1570 1571
f 1494 1571 1508
f 1494 1510 1496
f 1496 1510 1497
f 1497 1510 1498
f 1500 1502 1572
f 1500 1572 1573
f 1500 1573 1538
f 1500 1538 1505
f 1502 1504 1574
f 1502 1574 1575
f 1502 1575 1576
f 1502 1576 1572
f 1504 1537 1574
f 1505 1538 1506
f 1507 1508 1577
f 1507 1577 1509
f 1508 1571 1577
f 1509 1577 1578
f 1509 1578 1511
f 1511 1579 1512
f 1511 1578 1579
f 1512 1579 1515
f 1512 1515 1514
f 1513 1516 1515
f 1515 1579 1522
f 1517 1520 1580
f 1517 1580 1581
f 1517 1581 1518
f 1518 1581 1519
f 1519 1581 1582
f 1519 1582 1521
f 1520 1525 1580
f 1521 1582 1583
f 1521 1583 1584
f 1521 1584 1526
f 1522 1579 1585
f 1522 1585 1586
f 1522 1586 1523
f 1523 1586 1524
f 1524 1586 1587
f 1524 1587 1588
f 1524 1588 1589
f 1524 1589 1590
f 1524 1590 1591
f 1524 1591 1525
f 1525 1591 1590
f 1525 1590 1580
f 1526 1584 1592
f 1526 1592 1527
f 1527 1592 1528
f 1528 1593 1594
f 1528 1594 1529
f 1528 1592 1593
f 1529 1594 1595
f 1529 1595 1530
f 1530 1595 1596
f 1530 1596 1531
f 1531 1596 1597
f 1531 1597 1598
f 1531 1598 1532
f 1532 1598 1534
f 1532 1534 1533
f 1534 1598 1599
f 1534 1599 1600
f 1534 1600 1601
f 1534 1601 1535
f 1535 1601 1536
f 1536 1601 1602
f 1536 1602 1537
f 1537 1603 1574
f 1537 1602 1604
f 1537 1604 1603
f 1538 1573 1605
f 1538 1605 1606
f 1538 1606 1607
f 1538 1607 1539
f 1539 1607 1608
f 1539 1608 1609
f 1539 1609 1540
f 1540 1609 1610
f 1540 1610 1611
f 1541 1611 1542
f 1542 1611 1612
f 1542 1612 1613
f 1542 1613 1614
f 1542 1614 1543
f 1543 1614 1615
f 1543 1615 1544
f 1544 1615 1546
f 1546 1615 1547
f 1547 1615 1548
f 1548 1615 1616
f 1548 1616 1617
f 1548 1617 1618
f 1548 1618 1619
f 1548 1619 1549
f 1551 1620 1621
f 1551 1621 1552
f 1552 1621 1553
f 1553 1621 1556
f 1554 1622 1623
f 1554 1623 1555
f 1554 1556 1624
f 1554 1624 1622
f 1555 1623 1625
f 1555 1625 1557
f 1556 1621 1624
f 1557 1625 1558
f 1558 1625 1559
f 1559 1626 1562
f 1559 1625 1626
f 1562 1626 1627
f 1562 1627 1628
f 1562 1628 1563
f 1563 1628 1629
f 1563 1629 1564
f 1564 1629 1565
f 1565 1630 1631
f 1565 1631 1632
f 1565 1632 1566
f 1565 1629 1630
f 1566 1632 1570
f 1566 1570 1569
f 1566 1569 1568
f 1570 1632 1577
f 1570 1577 1571
f 1572 1576 1633
f 1572 1633 1573
f 1573 1633 1634
f 1573 1634 1605
f 1574 1635 1575
f 1574 1603 1635
f 1575 1635 1576
f 1576 1635 1636
f 1576 1636 1637
f 1576 1637 1633
f 1577 1638 1578
f 1577 1632 1639
f 1577 1639 1640
f 1577 1640 1638
f 1578 1641 1579
f 1578 1638 1642
f 1578 1642 1641
f 1579 1641 1643
f 1579 1643 1585
f 1580 1590 1644
f 1580 1644 1645
f 1580 1645 1581
f 1581 1645 1646
f 1581 1646 1582
f 1582 1646 1647
f 1582 1647 1583
f 1583 1647 1648
f 1583 1648 1584
f 1584 1648 1649
f 1584 1649 1650
f 1584 1650 1592
f 1585 1643 1586
f 1586 1643 1587
f 1587 1643 1651
f 1587 1651 1652
f 1587 1652 1653
f 1587 1653 1588
f 1588 1653 1654
f 1588 1654 1589
f 1589 1654 1590
f 1590 1655 1644
f 1590 1654 1656
f 1590 1656 1657
f 1590 1657 1655
f 1592 1650 1593
f 1593 1650 1658
f 1593 1658 1659
f 1593 1659 1594
f 1594 1659 1660
f 1594 1660 1595
f 1595 1660 1661
f 1595 1661 1596
f 1596 1661 1662
f 1596 1662 1597
f 1597 1662 1663
f 1597 1663 1598
f 1598 1663 1599
f 1599 1663 1664
f 1599 1664 1665
f 1599 1665 1600
f 1600 1665 1666
f 1600 1666 1601
f 1601 1666 1667
f 1601 1667 1604
f 1601 1604 1602
f 1603 1604 1635
f 1604 1668 1669
f 1604 1669 1635
f 1604 1667 1668
f 1605 1634 1606
f 1606 1670 1607
f 1606 1634 1670
f 1607 1671 1608
f 1607 1670 1671
f 1608 1671 1672
f 1608 1672 1673
f 1608 1673 1610
f 1608 1610 1609
f 1610 1673 1674
f 1610 1674 1611
f 1611 1674 1612
f 1612 1674 1675
f 1612 1675 1676
f 1612 1676 1677
f 1612 1677 1613
f 1613 1677 1614
f 1614 1677 1678
f 1614 1678 1615
f 1615 1679 1680
f 1615 1680 1616
f 1615 1678 1679
f 1616 1681 1682
f 1616 1682 1617
f 1616 1680 1683
f 1616 1683 1681
f 1617 1684 1685
f 1617 1685 1686
f 1617 1686 1687
f 1617 1687 1618
f 1617 1682 1688
f 1617 1688 1689
f 1617 1689 1690
f 1617 1690 1684
f 1620 1691 1692
f 1620 1692 1693
f 1620 1693 1621
f 1621 1693 1694
f 1621 1694 1624
f 1622 1695 1696
f 1622 1696 1623
f 1622 1624 1697
f 1622 1697 1695
f 1623 1696 1698
f 1623 1698 1625
f 1624 1694 1699
f 1624 1699 1700
f 1624 1700 1697
f 1625 1698 1626
f 1626 1701 1627
f 1626 1698 1701
f 1627 1702 1628
f 1627 1701 1703
f 1627 1703 1702
f 1628 1702 1704
f 1628 1704 1705
f 1628 1705 1629
f 1629 1705 1706
f 1629 1706 1630
f 1630 1706 1707
f 1630 1707 1631
f 1631 1707 1632
f 1632 1707 1708
f 1632 1708 1639
f 1633 1637 1634
f 1634 1709 1710
f 1634 1710 1670
f 1634 1637 1709
f 1635 1669 1711
f 1635 1711 1636
f 1636 1712 1713
f 1636 1713 1637
f 1636 1711 1712
f 1637 1713 1714
f 1637 1714 1709
f 1638 1640 1642
f 1639 1708 1640
f 1640 1715 1642
f 1640 1708 1716
f 1640 1716 1715
f 1641 1642 1643
f 1642 1715 1651
f 1642 1651 1643
f 1644 1655 1645
f 1645 1655 1717
f 1645 1717 1718
f 1645 1718 1646
f 1646 1718 1647
f 1647 1718 1719
f 1647 1719 1648
f 1648 1719 1720
f 1648 1720 1649
f 1649 1720 1658
f 1649 1658 1650
f 1651 1715 1721
f 1651 1721 1722
f 1651 1722 1652
f 1652 1722 1723
f 1652 1723 1653
f 1653 1723 1724
f 1653 1724 1654
f 1654 1724 1725
f 1654 1725 1656
f 1655 1657 1726
f 1655 1726 1717
f 1656 1725 1657
f 1657 1725 1727
f 1657 1727 1726
f 1658 1720 1728
f 1658 1728 1729
f 1658 1729 1659
f 1659 1729 1730
f 1659 1730 1660
f 1660 1730 1731
f 1660 1731 1661
f 1661 1731 1662
f 1662 1732 1663
f 1662 1731 1732
f 1663 1732 1664
f 1664 1732 1733
f 1664 1733 1665
f 1665 1733 1734
f 1665 1734 1666
f 1666 1734 1735
f 1666 1735 1667
f 1667 1735 1668
f 1668 1735 1736
f 1668 1736 1737
f 1668 1737 1669
f 1669 1737 1711
f 1670 1710 1671
f 1671 1738 1739
f 1671 1739 1672
f 1671 1710 1738
f 1672 1739 1740
f 1672 1740 1741
f 1672 1741 1673
f 1673 1741 1675
f 1673 1675 1674
f 1675 1741 1742
f 1675 1742 1676
f 1676 1742 1743
f 1676 1743 1677
f 1677 1743 1744
f 1677 1744 1745
f 1677 1745 1678
f 1678 1745 1746
f 1678 1746 1679
f 1679 1746 1683
f 1679 1683 1680
f 1681 1683 1747
f 1681 1747 1688
f 1681 1688 1682
f 1683 1746 1748
f 1683 1748 1747
f 1684 1690 1685
f 1685 1690 1749
f 1685 1749 1750
f 1685 1750 1751
f 1688 1747 1752
f 1688 1752 1753
f 1688 1753 1754
f 1688 1754 1755
f 1688 1755 1690
f 1688 1690 1689
f 1690 1755 1754
f 1690 1754 1756
f 1690 1756 1757
f 1690 1757 1750
f 1690 1750 1749
f 1691 1758 1692
f 1692 1759 1699
f 1692 1699 1694
f 1692 1694 1693
f 1692 1758 1759
f 1695 1760 1761
f 1695 1761 1696
f 1695 1697 1762
f 1695 1762 1760
f 1696 1761 1763
f 1696 1763 1698
f 1697 1700 1762
f 1698 1763 1701
f 1699 1764 1700
f 1699 1759 1764
f 1700 1764 1765
f 1700 1765 1766
f 1700 1766 1767
f 1700 1767 1762
f 1701 1763 1703
f 1702 1768 1769
f 1702 1769 1704
f 1702 1703 1768
f 1703 1770 1768
f 1703 1763 1770
f 1704 1769 1771
f 1704 1771 1705
f 1705 1771 1772
f 1705 1772 1706
f 1706 1772 1773
f 1706 1773 1774
f 1706 1774 1707
f 1707 1774 1716
f 1707 1716 1708
f 1709 1714 1775
f 1709 1775 1710
f 1710 1775 1776
f 1710 1776 1738
f 1711 1737 1777
f 1711 1777 1712
f 1712 1777 1778
f 1712 1778 1779
f 1712 1779 1713
f 1713 1779 1714
f 1714 1780 1775
f 1714 1779 1780
f 1715 1716 1781
f 1715 1781 1782
f 1715 1782 1721
f 1716 1774 1783
f 1716 1783 1781
f 1717 1726 1784
f 1717 1784 1718
f 1718 1784 1785
f 1718 1785 1719
f 1719 1785 1786
f 1719 1786 1720
f 1720 1786 1728
f 1721 1782 1787
f 1721 1787 1722
f 1722 1787 1788
f 1722 1788 1723
f 1723 1788 1789
f 1723 1789 1724
f 1724 1789 1725
f 1725 1789 1790
f 1725 1790 1727
f 1726 1727 1791
f 1726 1791 1784
f 1727 1790 1792
f 1727 1792 1793
f 1727 1793 1791
f 1728 1786 1794
f 1728 1794 1795
f 1728 1795 1729
f 1729 1795 1796
f 1729 1796 1730
f 1730 1796 1797
f 1730 1797 1731
f 1731 1797 1798
f 1731 1798 1732
f 1732 1798 1733
f 1733 1798 1799
f 1733 1799 1800
f 1733 1800 1734
f 1734 1800 1735
f 1735 1800 1736
f 1736 1800 1801
f 1736 1801 1737
f 1737 1801 1777
f 1738 1802 1739
f 1738 1776 1802
f 1739 1803 1740
f 1739 1802 1804
f 1739 1804 1803
f 1740 1803 1805
f 1740 1805 1806
f 1740 1806 1741
f 1741 1806 1742
f 1742 1806 1807
f 1742 1807 1808
f 1742 1808 1743
f 1743 1808 1809
f 1743 1809 1744
f 1744 1809 1810
f 1744 1810 1745
f 1745 1811 1812
f 1745 1812 1746
f 1745 1810 1811
f 1746 1812 1748
f 1747 1813 1814
f 1747 1814 1752
f 1747 1748 1813
f 1748 1812 1815
f 1748 1815 1813
f 1750 1757 1756
f 1750 1756 1816
f 1750 1816 1751
f 1751 1816 1817
f 1752 1814 1818
f 1752 1818 1819
f 1752 1819 1753
f 1753 1819 1754
f 1754 1819 1820
f 1754 1820 1756
f 1756 1821 1816
f 1756 1820 1821
f 1758 1822 1759
f 1759 1823 1764
f 1759 1822 1824
f 1759 1824 1823
f 1760 1825 1826
f 1760 1826 1761
f 1760 1762 1767
f 1760 1767 1825
f 1761 1826 1827
f 1761 1827 1770
f 1761 1770 1763
f 1764 1823 1765
f 1765 1828 1766
f 1765 1823 1829
f 1765 1829 1830
f 1765 1830 1828
f 1766 1828 1767
f 1767 1831 1825
f 1767 1828 1831
f 1768 1832 1833
f 1768 1833 1769
f 1768 1770 1827
f 1768 1827 1832
f 1769 1833 1771
f 1771 1834 1772
f 1771 1833 1834
f 1772 1834 1835
f 1772 1835 1773
f 1773 1835 1836
f 1773 1836 1774
f 1774 1836 1783
f 1775 1780 1837
f 1775 1837 1776
f 1776 1837 1802
f 1777 1801 1778
f 1778 1801 1838
f 1778 1838 1839
f 1778 1839 1780
f 1778 1780 1779
f 1780 1839 1837
f 1781 1783 1840
f 1781 1840 1782
f 1782 1840 1841
f 1782 1841 1787
f 1783 1836 1842
f 1783 1842 1840
f 1784 1791 1843
f 1784 1843 1844
f 1784 1844 1785
f 1785 1844 1845
f 1785 1845 1786
f 1786 1845 1794
f 1787 1841 1846
f 1787 1846 1788
f 1788 1846 1789
f 1789 1846 1847
f 1789 1847 1790
f 1790 1847 1848
f 1790 1848 1849
f 1790 1849 1792
f 1791 1793 1850
f 1791 1850 1843
f 1792 1849 1793
f 1793 1849 1851
f 1793 1851 1852
f 1793 1852 1850
f 1794 1845 1853
f 1794 1853 1795
f 1795 1853 1854
f 1795 1854 1855
f 1795 1855 1796
f 1796 1855 1797
f 1797 1855 1856
f 1797 1856 1857
f 1797 1857 1858
f 1797 1858 1798
f 1798 1858 1859
f 1798 1859 1799
f 1799 1859 1858
f 1799 1858 1860
f 1799 1860 1861
f 1799 1861 1800
f 1800 1861 1801
f 1801 1861 1838
f 1802 1837 1804
f 1803 1804 1862
f 1803 1862 1805
f 1804 1863 1862
f 1804 1837 1864
f 1804 1864 1863
f 1805 1862 1865
f 1805 1865 1866
f 1805 1866 1807
f 1805 1807 1806
f 1807 1866 1808
f 1808 1867 1809
f 1808 1866 1867
f 1809 1867 1868
f 1809 1868 1810
f 1810 1868 1869
f 1810 1869 1811
f 1811 1869 1812
f 1812 1870 1815
f 1812 1869 1870
f 1813 1871 1818
f 1813 1818 1814
f 1813 1815 1872
f 1813 1872 1871
f 1815 1870 1873
f 1815 1873 1872
f 1816 1821 1874
f 1816 1874 1875
f 1816 1875 1817
f 1818 1871 1876
f 1818 1876 1877
f 1818 1877 1878
f 1818 1878 1879
f 1818 1879 1820
f 1818 1820 1819
f 1820 1879 1880
f 1820 1880 1821
f 1821 1880 1881
f 1821 1881 1882
f 1821 1882 1883
f 1821 1883 1874
f 1823 1824 1884
f 1823 1884 1885
f 1823 1885 1829
f 1825 1886 1887
f 1825 1887 1888
f 1825 1888 1956
f 1825 1956 1889
f 1825 1889 1826
f 1825 1831 1886
f 1826 1889 1890
f 1826 1890 1891
f 1826 1891 1827
f 1827 1891 1892
f 1827 1892 1832
f 1828 1830 1893
f 1828 1893 1894
f 1828 1894 1831
f 1829 1895 1830
f 1829 1885 1896
f 1829 1896 1897
f 1829 1897 1898
f 1829 1898 1895
f 1830 1895 1893
f 1831 1899 1900
f 1831 1900 1886
f 1831 1894 1899
f 1832 1892 1901
f 1832 1901 1833
f 1833 1901 1902
f 1833 1902 1834
f 1834 1902 1903
f 1834 1903 1835
f 1835 1903 1836
f 1836 1903 1842
f 1837 1839 1864
f 1838 1904 1905
f 1838 1905 1839
f 1838 1861 1904
f 1839 1905 1864
f 1840 1842 1906
f 1840 1906 1841
f 1841 1906 1846
f 1842 1903 1906
f 1843 1907 1844
f 1843 1850 1907
f 1844 1907 1908
f 1844 1908 1845
f 1845 1908 1853
f 1846 1906 1909
f 1846 1909 1847
f 1847 1909 1910
f 1847 1910 1848
f 1848 1910 1911
f 1848 1911 1912
f 1848 1912 1849
f 1849 1912 1911
f 1849 1911 1913
f 1849 1913 1914
f 1849 1914 1851
f 1850 1915 1907
f 1850 1852 1916
f 1850 1916 1915
f 1851 1914 1852
f 1852 1914 1917
f 1852 1917 1916
f 1853 1908 1975
f 1853 1975 1918
f 1853 1918 1919
f 1853 1919 1854
f 1854 1919 1855
f 1855 1919 1920
f 1855 1920 1856
f 1856 1920 1921
f 1856 1921 1858
f 1856 1858 1857
f 1858 1921 1922
f 1858 1922 1860
f 1860 1922 1923
f 1860 1923 1924
f 1860 1924 1904
f 1860 1904 1861
f 1862 1863 1925
f 1862 1925 1865
f 1863 1926 1925
f 1863 1864 1927
f 1863 1927 1926
f 1864 1928 1927
f 1864 1905 1929
f 1864 1929 1928
f 1865 1925 1930
f 1865 1930 1931
f 1865 1931 1866
f 1866 1931 1867
f 1867 1931 1932
f 1867 1932 1868
f 1868 1932 1933
f 1868 1933 1869
f 1869 1933 1934
f 1869 1934 1870
f 1870 1934 1873
f 1871 1872 1876
f 1872 1873 1935
f 1872 1935 1876
f 1873 1934 1936
f 1873 1936 1935
f 1874 1883 1937
f 1874 1937 1875
f 1876 1935 1938
f 1876 1938 1878
f 1876 1878 1877
f 1878 1939 1940
f 1878 1940 1880
f 1878 1880 1879
f 1878 1938 1941
f 1878 1941 1939
f 1880 1940 1881
f 1881 1942 1943
f 1881 1943 1882
f 1881 1940 1944
f 1881 1944 1942
f 1882 1943 1883
f 1883 1945 1946
f 1883 1946 1947
f 1883 1947 1948
f 1883 1948 1949
f 1883 1949 1937
f 1883 1943 1945
f 1886 1900 1950
f 1886 1950 1951
f 1886 1951 1952
f 1886 1952 1953
f 1886 1953 1887
f 1887 1953 1954
f 1887 1954 1955
f 1887 1955 1888
f 1888 1955 1956
f 1889 1956 1955
f 1889 1955 1890
f 1890 1955 1957
f 1890 1957 1891
f 1891 1957 1892
f 1892 1957 1901
f 1893 1895 1958
f 1893 1958 1959
f 1893 1959 1894
f 1894 1960 1899
f 1894 1959 1960
f 1895 1898 1961
f 1895 1961 1962
f 1895 1962 1958
f 1899 1963 1964
f 1899 1964 1900
f 1899 1960 1963
f 1900 1964 1965
f 1900 1965 1966
f 1900 1966 1967
f 1900 1967 1968
f 1900 1968 1969
f 1900 1969 1970
f 1900 1970 1982
f 1900 1982 1950
f 1901 1957 1971
f 1901 1971 1902
f 1902 1971 1972
f 1902 1972 1903
f 1903 1972 1906
f 1904 1924 1973
f 1904 1973 1974
f 1904 1974 1929
f 1904 1929 1905
f 1906 1972 1909
f 1907 1915 1908
f 1908 1915 1975
f 1909 1972 1976
f 1909 1976 1910
f 1910 1976 1911
f 1911 1914 1913
f 1911 1976 1977
f 1911 1977 1978
f 1911 1978 1914
f 1914 1978 1979
f 1914 1979 1917
f 1915 1916 1980
f 1915 1980 1975
f 1916 1917 1981
f 1916 1981 1980
f 1917 1979 1982
f 1917 1982 1981
f 1918 1975 1983
f 1918 1983 1984
f 1918 1984 1919
f 1919 1984 1920
f 1920 1984 1985
f 1920 1985 1986
f 1920 1986 1921
f 1921 1986 1923
f 1921 1923 1922
f 1923 1986 1987
f 1923 1987 1973
f 1923 1973 1924
f 1925 1926 1988
f 1925 1988 1930
f 1926 1989 1988
f 1926 1927 1989
f 1927 1928 1929
f 1927 1929 1974
f 1927 1974 1990
f 1927 1990 1989
f 1930 1988 1991
f 1930 1991 1992
f 1930 1992 1931
f 1931 1992 1993
f 1931 1993 1932
f 1932 1993 1994
f 1932 1994 1933
f 1933 1994 1995
f 1933 1995 1934
f 1934 1995 1936
f 1935 1941 1938
f 1935 1936 1941
f 1936 1995 1997
f 1936 1997 1941
f 1939 1996 1940
f 1939 1941 1997
f 1939 1997 1996
f 1940 1996 1944
f 1942 1944 1960
f 1942 1960 1959
f 1942 1959 1958
f 1942 1958 1943
f 1943 1958 1945
f 1944 1996 1998
f 1944 1998 1963
f 1944 1963 1960
f 1945 1999 1946
f 1945 1958 1999
f 1950 1982 1951
f 1951 1982 1979
f 1951 1979 1952
f 1952 1979 1953
f 1953 1979 1978
f 1953 1978 1954
f 1954 1978 1977
f 1954 1977 1955
f 1955 1977 2000
f 1955 2000 1957
f 1957 2000 1976
f 1957 1976 1971
f 1958 1962 2001
f 1958 2001 2002
f 1958 2002 2003
f 1958 2003 1999
f 1963 1998 2004
f 1963 2004 2005
f 1963 2005 1964
f 1964 2006 1966
f 1964 1966 1965
f 1964 2005 2007
f 1964 2007 2008
f 1964 2008 2009
f 1964 2009 2010
f 1964 2010 2011
f 1964 2011 2006
f 1966 2006 2011
f 1966 2011 2012
f 1966 2012 2042
f 1966 2042 2013
f 1966 2013 1967
f 1967 2013 2014
f 1967 2014 2015
f 1967 2015 1968
f 1968 2015 2014
f 1968 2014 2016
f 1968 2016 2017
f 1968 2017 1981
f 1968 1981 1969
f 1969 1981 1982
f 1969 1982 1970
f 1971 1976 1972
f 1973 1987 2018
f 1973 2018 1990
f 1973 1990 1974
f 1975 1980 1983
f 1976 2000 1977
f 1980 1981 2017
f 1980 2017 2016
f 1980 2016 1983
f 1983 2016 2019
f 1983 2019 1984
f 1984 2019 1985
f 1985 2019 2020
f 1985 2020 2021
f 1985 2021 1986
f 1986 2021 1987
f 1987 2021 2022
f 1987 2022 2018
f 1988 1989 2023
f 1988 2023 1991
f 1989 2024 2023
f 1989 1990 2018
f 1989 2018 2024
f 1991 2025 2026
f 1991 2026 1993
f 1991 1993 1992
f 1991 2023 2025
f 1993 2026 1994
f 1994 2026 2027
f 1994 2027 2028
f 1994 2028 1997
f 1994 1997 1995
f 1996 2029 1998
f 1996 1997 2030
f 1996 2030 2029
f 1997 2028 2030
f 1998 2029 2031
f 1998 2031 2032
f 1998 2032 2033
f 1998 2033 2004
f 2004 2033 2034
f 2004 2034 2035
f 2004 2035 2036
f 2004 2036 2037
f 2004 2037 2005
f 2005 2037 2007
f 2007 2037 2038
f 2007 2038 2008
f 2008 2038 2039
f 2008 2039 2040
f 2008 2040 2009
f 2009 2040 2010
f 2010 2040 2011
f 2011 2040 2020
f 2011 2020 2041
f 2011 2041 2014
f 2011 2014 2042
f 2011 2042 2012
f 2013 2042 2014
f 2014 2041 2016
f 2016 2041 2019
f 2018 2022 2024
f 2019 2041 2020
f 2020 2040 2039
f 2020 2039 2021
f 2021 2039 2022
f 2022 2039 2038
f 2022 2038 2024
f 2023 2024 2043
f 2023 2043 2025
f 2024 2038 2043
f 2025 2043 2034
f 2025 2034 2044
f 2025 2044 2045
f 2025 2045 2026
f 2026 2045 2031
f 2026 2031 2030
f 2026 2030 2028
f 2026 2028 2027
f 2029 2030 2031
f 2031 2045 2044
f 2031 2044 2032
f 2032 2044 2033
f 2033 2044 2034
f 2034 2043 2035
f 2035 2043 2036
f 2036 2043 2037
f 2037 2043 2038

